# https://github.com/mikedh/trimesh
mtllib material.mtl

o geometry_0
usemtl material_0
v 7.00000000 0.20000000 -0.49000000
v 9.00000000 0.20000000 -0.49000000
v 9.00000000 0.20000000 -0.50000000
v 7.00000000 0.20000000 -0.50000000
v 7.00000000 2.70000000 -0.49000000
v 9.00000000 2.70000000 -0.49000000
v 9.00000000 2.70000000 -0.50000000
v 7.00000000 2.70000000 -0.50000000
f 1 2 3
f 1 3 4
f 5 7 6
f 5 8 7
f 1 5 6
f 1 6 2
f 3 7 8
f 3 8 4
f 1 4 8
f 1 8 5
f 2 6 7
f 2 7 3

o geometry_1
usemtl material_1
v 4.00000000 1.44000000 0.00000000
v 5.20000000 1.44000000 0.00000000
v 5.20000000 1.44000000 -0.25000000
v 4.00000000 1.44000000 -0.25000000
v 4.00000000 1.49000000 0.00000000
v 5.20000000 1.49000000 0.00000000
v 5.20000000 1.49000000 -0.25000000
v 4.00000000 1.49000000 -0.25000000
f 9 10 11
f 9 11 12
f 13 15 14
f 13 16 15
f 9 13 14
f 9 14 10
f 11 15 16
f 11 16 12
f 9 12 16
f 9 16 13
f 10 14 15
f 10 15 11

o geometry_2
usemtl material_1
v 4.00000000 2.89000000 0.00000000
v 5.20000000 2.89000000 0.00000000
v 5.20000000 2.89000000 -0.25000000
v 4.00000000 2.89000000 -0.25000000
v 4.00000000 2.94000000 0.00000000
v 5.20000000 2.94000000 0.00000000
v 5.20000000 2.94000000 -0.25000000
v 4.00000000 2.94000000 -0.25000000
f 17 18 19
f 17 19 20
f 21 23 22
f 21 24 23
f 17 21 22
f 17 22 18
f 19 23 24
f 19 24 20
f 17 20 24
f 17 24 21
f 18 22 23
f 18 23 19

o geometry_3
usemtl material_1
v 4.00000000 1.44000000 0.00000000
v 4.05000000 1.44000000 0.00000000
v 4.05000000 1.44000000 -0.25000000
v 4.00000000 1.44000000 -0.25000000
v 4.00000000 2.94000000 0.00000000
v 4.05000000 2.94000000 0.00000000
v 4.05000000 2.94000000 -0.25000000
v 4.00000000 2.94000000 -0.25000000
f 25 26 27
f 25 27 28
f 29 31 30
f 29 32 31
f 25 29 30
f 25 30 26
f 27 31 32
f 27 32 28
f 25 28 32
f 25 32 29
f 26 30 31
f 26 31 27

o geometry_4
usemtl material_1
v 5.15000000 1.44000000 0.00000000
v 5.20000000 1.44000000 0.00000000
v 5.20000000 1.44000000 -0.25000000
v 5.15000000 1.44000000 -0.25000000
v 5.15000000 2.94000000 0.00000000
v 5.20000000 2.94000000 0.00000000
v 5.20000000 2.94000000 -0.25000000
v 5.15000000 2.94000000 -0.25000000
f 33 34 35
f 33 35 36
f 37 39 38
f 37 40 39
f 33 37 38
f 33 38 34
f 35 39 40
f 35 40 36
f 33 36 40
f 33 40 37
f 34 38 39
f 34 39 35

o geometry_5
usemtl material_2
v 4.05000000 1.49000000 -0.18000000
v 5.15000000 1.49000000 -0.18000000
v 5.15000000 1.49000000 -0.20000000
v 4.05000000 1.49000000 -0.20000000
v 4.05000000 2.89000000 -0.18000000
v 5.15000000 2.89000000 -0.18000000
v 5.15000000 2.89000000 -0.20000000
v 4.05000000 2.89000000 -0.20000000
f 41 42 43
f 41 43 44
f 45 47 46
f 45 48 47
f 41 45 46
f 41 46 42
f 43 47 48
f 43 48 44
f 41 44 48
f 41 48 45
f 42 46 47
f 42 47 43

o geometry_6
usemtl material_1
v 12.00000000 1.44000000 0.00000000
v 13.20000000 1.44000000 0.00000000
v 13.20000000 1.44000000 -0.25000000
v 12.00000000 1.44000000 -0.25000000
v 12.00000000 1.49000000 0.00000000
v 13.20000000 1.49000000 0.00000000
v 13.20000000 1.49000000 -0.25000000
v 12.00000000 1.49000000 -0.25000000
f 49 50 51
f 49 51 52
f 53 55 54
f 53 56 55
f 49 53 54
f 49 54 50
f 51 55 56
f 51 56 52
f 49 52 56
f 49 56 53
f 50 54 55
f 50 55 51

o geometry_7
usemtl material_1
v 12.00000000 2.89000000 0.00000000
v 13.20000000 2.89000000 0.00000000
v 13.20000000 2.89000000 -0.25000000
v 12.00000000 2.89000000 -0.25000000
v 12.00000000 2.94000000 0.00000000
v 13.20000000 2.94000000 0.00000000
v 13.20000000 2.94000000 -0.25000000
v 12.00000000 2.94000000 -0.25000000
f 57 58 59
f 57 59 60
f 61 63 62
f 61 64 63
f 57 61 62
f 57 62 58
f 59 63 64
f 59 64 60
f 57 60 64
f 57 64 61
f 58 62 63
f 58 63 59

o geometry_8
usemtl material_1
v 12.00000000 1.44000000 0.00000000
v 12.05000000 1.44000000 0.00000000
v 12.05000000 1.44000000 -0.25000000
v 12.00000000 1.44000000 -0.25000000
v 12.00000000 2.94000000 0.00000000
v 12.05000000 2.94000000 0.00000000
v 12.05000000 2.94000000 -0.25000000
v 12.00000000 2.94000000 -0.25000000
f 65 66 67
f 65 67 68
f 69 71 70
f 69 72 71
f 65 69 70
f 65 70 66
f 67 71 72
f 67 72 68
f 65 68 72
f 65 72 69
f 66 70 71
f 66 71 67

o geometry_9
usemtl material_1
v 13.15000000 1.44000000 0.00000000
v 13.20000000 1.44000000 0.00000000
v 13.20000000 1.44000000 -0.25000000
v 13.15000000 1.44000000 -0.25000000
v 13.15000000 2.94000000 0.00000000
v 13.20000000 2.94000000 0.00000000
v 13.20000000 2.94000000 -0.25000000
v 13.15000000 2.94000000 -0.25000000
f 73 74 75
f 73 75 76
f 77 79 78
f 77 80 79
f 73 77 78
f 73 78 74
f 75 79 80
f 75 80 76
f 73 76 80
f 73 80 77
f 74 78 79
f 74 79 75

o geometry_10
usemtl material_2
v 12.05000000 1.49000000 -0.18000000
v 13.15000000 1.49000000 -0.18000000
v 13.15000000 1.49000000 -0.20000000
v 12.05000000 1.49000000 -0.20000000
v 12.05000000 2.89000000 -0.18000000
v 13.15000000 2.89000000 -0.18000000
v 13.15000000 2.89000000 -0.20000000
v 12.05000000 2.89000000 -0.20000000
f 81 82 83
f 81 83 84
f 85 87 86
f 85 88 87
f 81 85 86
f 81 86 82
f 83 87 88
f 83 88 84
f 81 84 88
f 81 88 85
f 82 86 87
f 82 87 83

o tmpvi5m78d5.stl
usemtl material_3
v 16.00000000 0.00000000 -8.00000000
v 16.00000000 0.00000000 0.00000000
v 0.00000000 0.00000000 0.00000000
v 0.00000000 0.00000000 -8.00000000
v 16.00000000 3.59999990 0.00000000
v 16.00000000 3.59999990 -8.00000000
v 0.00000000 3.59999990 0.00000000
v 0.00000000 3.59999990 -8.00000000
v 4.00000000 2.44285703 0.00000000
v 7.00000000 1.57499993 0.00000000
v 5.19999981 2.09571433 0.00000000
v 5.19999981 1.44000006 0.00000000
v 4.00000000 1.44000006 0.00000000
v 4.00000000 2.94000006 0.00000000
v 5.13333273 2.94000006 0.00000000
v 7.00000000 2.70000005 0.00000000
v 5.19999981 2.93142867 0.00000000
v 12.00000000 2.94000006 0.00000000
v 13.06666756 2.94000006 0.00000000
v 9.00000000 2.70000005 0.00000000
v 9.00000000 2.02499986 0.00000000
v 12.00000000 2.69999981 0.00000000
v 5.19999981 2.94000006 0.00000000
v 7.00000000 0.20000000 0.00000000
v 12.00000000 1.44000006 0.00000000
v 13.19999981 2.94000006 0.00000000
v 13.19999981 1.44000006 0.00000000
v 9.00000000 0.20000000 0.00000000
v 9.00000000 0.20000000 -0.50000000
v 7.00000000 0.20000000 -0.50000000
v 9.00000000 2.70000005 -0.50000000
v 7.00000000 2.70000005 -0.50000000
v 5.19999981 1.44000006 -0.50000000
v 4.00000000 1.44000006 -0.50000000
v 5.19999981 2.94000006 -0.50000000
v 4.00000000 2.94000006 -0.50000000
v 13.19999981 1.44000006 -0.50000000
v 12.00000000 1.44000006 -0.50000000
v 13.19999981 2.94000006 -0.50000000
v 12.00000000 2.94000006 -0.50000000
f 89 90 91
f 92 89 91
f 93 94 95
f 94 96 95
f 97 95 91
f 98 99 100
f 101 97 91
f 91 98 100
f 91 100 101
f 102 103 95
f 102 95 97
f 99 98 104
f 99 104 105
f 106 107 93
f 108 109 110
f 106 93 108
f 106 108 110
f 111 105 104
f 95 103 111
f 111 104 108
f 111 108 95
f 93 95 108
f 112 98 91
f 113 110 109
f 93 107 114
f 93 114 115
f 113 109 90
f 90 93 115
f 113 90 115
f 116 112 91
f 109 116 90
f 91 90 116
f 96 94 89
f 92 96 89
f 96 92 91
f 95 96 91
f 94 93 90
f 89 94 90
f 112 116 117
f 118 112 117
f 104 119 108
f 120 119 104
f 120 117 119
f 118 117 120
f 112 118 120
f 98 112 120
f 98 120 104
f 119 116 109
f 119 109 108
f 116 119 117
f 101 100 121
f 122 101 121
f 102 123 111
f 102 111 103
f 124 123 102
f 124 121 123
f 122 121 124
f 101 122 124
f 97 101 124
f 97 124 102
f 105 111 123
f 123 100 99
f 123 99 105
f 100 123 121
f 113 115 125
f 126 113 125
f 106 127 114
f 106 114 107
f 128 127 106
f 128 125 127
f 126 125 128
f 113 126 128
f 110 113 128
f 110 128 106
f 114 127 115
f 115 127 125

o geometry_12
usemtl material_1
v 1.40000000 4.40000000 0.00000000
v 2.60000000 4.40000000 0.00000000
v 2.60000000 4.40000000 -0.25000000
v 1.40000000 4.40000000 -0.25000000
v 1.40000000 4.45000000 0.00000000
v 2.60000000 4.45000000 0.00000000
v 2.60000000 4.45000000 -0.25000000
v 1.40000000 4.45000000 -0.25000000
f 129 130 131
f 129 131 132
f 133 135 134
f 133 136 135
f 129 133 134
f 129 134 130
f 131 135 136
f 131 136 132
f 129 132 136
f 129 136 133
f 130 134 135
f 130 135 131

o geometry_13
usemtl material_1
v 1.40000000 5.85000000 0.00000000
v 2.60000000 5.85000000 0.00000000
v 2.60000000 5.85000000 -0.25000000
v 1.40000000 5.85000000 -0.25000000
v 1.40000000 5.90000000 0.00000000
v 2.60000000 5.90000000 0.00000000
v 2.60000000 5.90000000 -0.25000000
v 1.40000000 5.90000000 -0.25000000
f 137 138 139
f 137 139 140
f 141 143 142
f 141 144 143
f 137 141 142
f 137 142 138
f 139 143 144
f 139 144 140
f 137 140 144
f 137 144 141
f 138 142 143
f 138 143 139

o geometry_14
usemtl material_1
v 1.40000000 4.40000000 0.00000000
v 1.45000000 4.40000000 0.00000000
v 1.45000000 4.40000000 -0.25000000
v 1.40000000 4.40000000 -0.25000000
v 1.40000000 5.90000000 0.00000000
v 1.45000000 5.90000000 0.00000000
v 1.45000000 5.90000000 -0.25000000
v 1.40000000 5.90000000 -0.25000000
f 145 146 147
f 145 147 148
f 149 151 150
f 149 152 151
f 145 149 150
f 145 150 146
f 147 151 152
f 147 152 148
f 145 148 152
f 145 152 149
f 146 150 151
f 146 151 147

o geometry_15
usemtl material_1
v 2.55000000 4.40000000 0.00000000
v 2.60000000 4.40000000 0.00000000
v 2.60000000 4.40000000 -0.25000000
v 2.55000000 4.40000000 -0.25000000
v 2.55000000 5.90000000 0.00000000
v 2.60000000 5.90000000 0.00000000
v 2.60000000 5.90000000 -0.25000000
v 2.55000000 5.90000000 -0.25000000
f 153 154 155
f 153 155 156
f 157 159 158
f 157 160 159
f 153 157 158
f 153 158 154
f 155 159 160
f 155 160 156
f 153 156 160
f 153 160 157
f 154 158 159
f 154 159 155

o geometry_16
usemtl material_4
v 1.40000000 4.40000000 -0.15000000
v 1.45000000 4.40000000 -0.15000000
v 1.45000000 4.40000000 -0.23000000
v 1.40000000 4.40000000 -0.23000000
v 1.40000000 5.90000000 -0.15000000
v 1.45000000 5.90000000 -0.15000000
v 1.45000000 5.90000000 -0.23000000
v 1.40000000 5.90000000 -0.23000000
f 161 162 163
f 161 163 164
f 165 167 166
f 165 168 167
f 161 165 166
f 161 166 162
f 163 167 168
f 163 168 164
f 161 164 168
f 161 168 165
f 162 166 167
f 162 167 163

o geometry_17
usemtl material_4
v 2.55000000 4.40000000 -0.15000000
v 2.60000000 4.40000000 -0.15000000
v 2.60000000 4.40000000 -0.23000000
v 2.55000000 4.40000000 -0.23000000
v 2.55000000 5.90000000 -0.15000000
v 2.60000000 5.90000000 -0.15000000
v 2.60000000 5.90000000 -0.23000000
v 2.55000000 5.90000000 -0.23000000
f 169 170 171
f 169 171 172
f 173 175 174
f 173 176 175
f 169 173 174
f 169 174 170
f 171 175 176
f 171 176 172
f 169 172 176
f 169 176 173
f 170 174 175
f 170 175 171

o geometry_18
usemtl material_4
v 1.40000000 5.85000000 -0.15000000
v 2.60000000 5.85000000 -0.15000000
v 2.60000000 5.85000000 -0.23000000
v 1.40000000 5.85000000 -0.23000000
v 1.40000000 5.90000000 -0.15000000
v 2.60000000 5.90000000 -0.15000000
v 2.60000000 5.90000000 -0.23000000
v 1.40000000 5.90000000 -0.23000000
f 177 178 179
f 177 179 180
f 181 183 182
f 181 184 183
f 177 181 182
f 177 182 178
f 179 183 184
f 179 184 180
f 177 180 184
f 177 184 181
f 178 182 183
f 178 183 179

o geometry_19
usemtl material_4
v 1.40000000 4.40000000 -0.15000000
v 2.60000000 4.40000000 -0.15000000
v 2.60000000 4.40000000 -0.23000000
v 1.40000000 4.40000000 -0.23000000
v 1.40000000 4.45000000 -0.15000000
v 2.60000000 4.45000000 -0.15000000
v 2.60000000 4.45000000 -0.23000000
v 1.40000000 4.45000000 -0.23000000
f 185 186 187
f 185 187 188
f 189 191 190
f 189 192 191
f 185 189 190
f 185 190 186
f 187 191 192
f 187 192 188
f 185 188 192
f 185 192 189
f 186 190 191
f 186 191 187

o geometry_20
usemtl material_2
v 1.45000000 4.45000000 -0.18000000
v 2.55000000 4.45000000 -0.18000000
v 2.55000000 4.45000000 -0.20000000
v 1.45000000 4.45000000 -0.20000000
v 1.45000000 5.85000000 -0.18000000
v 2.55000000 5.85000000 -0.18000000
v 2.55000000 5.85000000 -0.20000000
v 1.45000000 5.85000000 -0.20000000
f 193 194 195
f 193 195 196
f 197 199 198
f 197 200 199
f 193 197 198
f 193 198 194
f 195 199 200
f 195 200 196
f 193 196 200
f 193 200 197
f 194 198 199
f 194 199 195

o tmp239np5mt.stl
usemtl material_5
v 4.00000000 3.59999990 -8.00000000
v 4.00000000 3.59999990 0.00000000
v 0.00000000 3.59999990 0.00000000
v 0.00000000 3.59999990 -8.00000000
v 4.00000000 6.59999990 0.00000000
v 4.00000000 6.59999990 -8.00000000
v 0.00000000 6.59999990 0.00000000
v 0.00000000 6.59999990 -8.00000000
v 1.39999998 4.65000010 0.00000000
v 1.39999998 5.90000010 0.00000000
v 2.59999990 5.90000010 0.00000000
v 2.59999990 5.54999971 0.00000000
v 1.39999998 4.40000010 0.00000000
v 2.59999990 4.40000010 0.00000000
v 2.59999990 4.40000010 -0.50000000
v 1.39999998 4.40000010 -0.50000000
v 2.59999990 5.90000010 -0.50000000
v 1.39999998 5.90000010 -0.50000000
f 201 202 203
f 204 201 203
f 205 206 207
f 206 208 207
f 207 203 209
f 207 209 210
f 211 212 205
f 207 210 211
f 205 207 211
f 213 209 203
f 202 205 212
f 214 213 203
f 202 212 214
f 203 202 214
f 208 206 201
f 204 208 201
f 208 204 203
f 207 208 203
f 206 205 202
f 201 206 202
f 213 214 215
f 216 213 215
f 210 217 211
f 218 217 210
f 218 215 217
f 216 215 218
f 213 216 218
f 209 213 218
f 209 218 210
f 217 214 212
f 217 212 211
f 214 217 215

o geometry_22
usemtl material_6
v 0.40000000 3.80000000 0.80000000
v 3.60000000 3.80000000 0.80000000
v 3.60000000 3.80000000 0.00000000
v 0.40000000 3.80000000 0.00000000
v 0.40000000 3.90000000 0.80000000
v 3.60000000 3.90000000 0.80000000
v 3.60000000 3.90000000 0.00000000
v 0.40000000 3.90000000 0.00000000
f 219 220 221
f 219 221 222
f 223 225 224
f 223 226 225
f 219 223 224
f 219 224 220
f 221 225 226
f 221 226 222
f 219 222 226
f 219 226 223
f 220 224 225
f 220 225 221

o geometry_23
usemtl material_7
v 0.40000000 3.90000000 0.80000000
v 3.60000000 3.90000000 0.80000000
v 3.60000000 3.90000000 0.75000000
v 0.40000000 3.90000000 0.75000000
v 0.40000000 4.90000000 0.80000000
v 3.60000000 4.90000000 0.80000000
v 3.60000000 4.90000000 0.75000000
v 0.40000000 4.90000000 0.75000000
f 227 228 229
f 227 229 230
f 231 233 232
f 231 234 233
f 227 231 232
f 227 232 228
f 229 233 234
f 229 234 230
f 227 230 234
f 227 234 231
f 228 232 233
f 228 233 229

o geometry_24
usemtl material_7
v 0.40000000 3.90000000 0.80000000
v 0.45000000 3.90000000 0.80000000
v 0.45000000 3.90000000 0.00000000
v 0.40000000 3.90000000 0.00000000
v 0.40000000 4.90000000 0.80000000
v 0.45000000 4.90000000 0.80000000
v 0.45000000 4.90000000 0.00000000
v 0.40000000 4.90000000 0.00000000
f 235 236 237
f 235 237 238
f 239 241 240
f 239 242 241
f 235 239 240
f 235 240 236
f 237 241 242
f 237 242 238
f 235 238 242
f 235 242 239
f 236 240 241
f 236 241 237

o geometry_25
usemtl material_7
v 3.55000000 3.90000000 0.80000000
v 3.60000000 3.90000000 0.80000000
v 3.60000000 3.90000000 0.00000000
v 3.55000000 3.90000000 0.00000000
v 3.55000000 4.90000000 0.80000000
v 3.60000000 4.90000000 0.80000000
v 3.60000000 4.90000000 0.00000000
v 3.55000000 4.90000000 0.00000000
f 243 244 245
f 243 245 246
f 247 249 248
f 247 250 249
f 243 247 248
f 243 248 244
f 245 249 250
f 245 250 246
f 243 246 250
f 243 250 247
f 244 248 249
f 244 249 245

o geometry_26
usemtl material_1
v 5.40000000 4.40000000 0.00000000
v 6.60000000 4.40000000 0.00000000
v 6.60000000 4.40000000 -0.25000000
v 5.40000000 4.40000000 -0.25000000
v 5.40000000 4.45000000 0.00000000
v 6.60000000 4.45000000 0.00000000
v 6.60000000 4.45000000 -0.25000000
v 5.40000000 4.45000000 -0.25000000
f 251 252 253
f 251 253 254
f 255 257 256
f 255 258 257
f 251 255 256
f 251 256 252
f 253 257 258
f 253 258 254
f 251 254 258
f 251 258 255
f 252 256 257
f 252 257 253

o geometry_27
usemtl material_1
v 5.40000000 5.85000000 0.00000000
v 6.60000000 5.85000000 0.00000000
v 6.60000000 5.85000000 -0.25000000
v 5.40000000 5.85000000 -0.25000000
v 5.40000000 5.90000000 0.00000000
v 6.60000000 5.90000000 0.00000000
v 6.60000000 5.90000000 -0.25000000
v 5.40000000 5.90000000 -0.25000000
f 259 260 261
f 259 261 262
f 263 265 264
f 263 266 265
f 259 263 264
f 259 264 260
f 261 265 266
f 261 266 262
f 259 262 266
f 259 266 263
f 260 264 265
f 260 265 261

o geometry_28
usemtl material_1
v 5.40000000 4.40000000 0.00000000
v 5.45000000 4.40000000 0.00000000
v 5.45000000 4.40000000 -0.25000000
v 5.40000000 4.40000000 -0.25000000
v 5.40000000 5.90000000 0.00000000
v 5.45000000 5.90000000 0.00000000
v 5.45000000 5.90000000 -0.25000000
v 5.40000000 5.90000000 -0.25000000
f 267 268 269
f 267 269 270
f 271 273 272
f 271 274 273
f 267 271 272
f 267 272 268
f 269 273 274
f 269 274 270
f 267 270 274
f 267 274 271
f 268 272 273
f 268 273 269

o geometry_29
usemtl material_1
v 6.55000000 4.40000000 0.00000000
v 6.60000000 4.40000000 0.00000000
v 6.60000000 4.40000000 -0.25000000
v 6.55000000 4.40000000 -0.25000000
v 6.55000000 5.90000000 0.00000000
v 6.60000000 5.90000000 0.00000000
v 6.60000000 5.90000000 -0.25000000
v 6.55000000 5.90000000 -0.25000000
f 275 276 277
f 275 277 278
f 279 281 280
f 279 282 281
f 275 279 280
f 275 280 276
f 277 281 282
f 277 282 278
f 275 278 282
f 275 282 279
f 276 280 281
f 276 281 277

o geometry_30
usemtl material_4
v 5.40000000 4.40000000 -0.15000000
v 5.45000000 4.40000000 -0.15000000
v 5.45000000 4.40000000 -0.23000000
v 5.40000000 4.40000000 -0.23000000
v 5.40000000 5.90000000 -0.15000000
v 5.45000000 5.90000000 -0.15000000
v 5.45000000 5.90000000 -0.23000000
v 5.40000000 5.90000000 -0.23000000
f 283 284 285
f 283 285 286
f 287 289 288
f 287 290 289
f 283 287 288
f 283 288 284
f 285 289 290
f 285 290 286
f 283 286 290
f 283 290 287
f 284 288 289
f 284 289 285

o geometry_31
usemtl material_4
v 6.55000000 4.40000000 -0.15000000
v 6.60000000 4.40000000 -0.15000000
v 6.60000000 4.40000000 -0.23000000
v 6.55000000 4.40000000 -0.23000000
v 6.55000000 5.90000000 -0.15000000
v 6.60000000 5.90000000 -0.15000000
v 6.60000000 5.90000000 -0.23000000
v 6.55000000 5.90000000 -0.23000000
f 291 292 293
f 291 293 294
f 295 297 296
f 295 298 297
f 291 295 296
f 291 296 292
f 293 297 298
f 293 298 294
f 291 294 298
f 291 298 295
f 292 296 297
f 292 297 293

o geometry_32
usemtl material_4
v 5.40000000 5.85000000 -0.15000000
v 6.60000000 5.85000000 -0.15000000
v 6.60000000 5.85000000 -0.23000000
v 5.40000000 5.85000000 -0.23000000
v 5.40000000 5.90000000 -0.15000000
v 6.60000000 5.90000000 -0.15000000
v 6.60000000 5.90000000 -0.23000000
v 5.40000000 5.90000000 -0.23000000
f 299 300 301
f 299 301 302
f 303 305 304
f 303 306 305
f 299 303 304
f 299 304 300
f 301 305 306
f 301 306 302
f 299 302 306
f 299 306 303
f 300 304 305
f 300 305 301

o geometry_33
usemtl material_4
v 5.40000000 4.40000000 -0.15000000
v 6.60000000 4.40000000 -0.15000000
v 6.60000000 4.40000000 -0.23000000
v 5.40000000 4.40000000 -0.23000000
v 5.40000000 4.45000000 -0.15000000
v 6.60000000 4.45000000 -0.15000000
v 6.60000000 4.45000000 -0.23000000
v 5.40000000 4.45000000 -0.23000000
f 307 308 309
f 307 309 310
f 311 313 312
f 311 314 313
f 307 311 312
f 307 312 308
f 309 313 314
f 309 314 310
f 307 310 314
f 307 314 311
f 308 312 313
f 308 313 309

o geometry_34
usemtl material_2
v 5.45000000 4.45000000 -0.18000000
v 6.55000000 4.45000000 -0.18000000
v 6.55000000 4.45000000 -0.20000000
v 5.45000000 4.45000000 -0.20000000
v 5.45000000 5.85000000 -0.18000000
v 6.55000000 5.85000000 -0.18000000
v 6.55000000 5.85000000 -0.20000000
v 5.45000000 5.85000000 -0.20000000
f 315 316 317
f 315 317 318
f 319 321 320
f 319 322 321
f 315 319 320
f 315 320 316
f 317 321 322
f 317 322 318
f 315 318 322
f 315 322 319
f 316 320 321
f 316 321 317

o tmpp7tmihra.stl
usemtl material_5
v 8.00000000 3.59999990 -8.00000000
v 8.00000000 3.59999990 0.00000000
v 4.00000000 3.59999990 0.00000000
v 4.00000000 3.59999990 -8.00000000
v 8.00000000 6.59999990 0.00000000
v 8.00000000 6.59999990 -8.00000000
v 4.00000000 6.59999990 0.00000000
v 4.00000000 6.59999990 -8.00000000
v 5.40000010 4.65000010 0.00000000
v 5.40000010 5.90000010 0.00000000
v 6.59999990 5.90000010 0.00000000
v 6.59999990 5.54999971 0.00000000
v 5.40000010 4.40000010 0.00000000
v 6.59999990 4.40000010 0.00000000
v 6.59999990 4.40000010 -0.50000000
v 5.40000010 4.40000010 -0.50000000
v 6.59999990 5.90000010 -0.50000000
v 5.40000010 5.90000010 -0.50000000
f 323 324 325
f 326 323 325
f 327 328 329
f 328 330 329
f 329 325 331
f 329 331 332
f 333 334 327
f 329 332 333
f 327 329 333
f 335 331 325
f 324 327 334
f 336 335 325
f 324 334 336
f 325 324 336
f 330 328 323
f 326 330 323
f 330 326 325
f 329 330 325
f 328 327 324
f 323 328 324
f 335 336 337
f 338 335 337
f 332 339 333
f 340 339 332
f 340 337 339
f 338 337 340
f 335 338 340
f 331 335 340
f 331 340 332
f 339 336 334
f 339 334 333
f 336 339 337

o geometry_36
usemtl material_1
v 8.65000000 4.40000000 0.00000000
v 9.85000000 4.40000000 0.00000000
v 9.85000000 4.40000000 -0.25000000
v 8.65000000 4.40000000 -0.25000000
v 8.65000000 4.45000000 0.00000000
v 9.85000000 4.45000000 0.00000000
v 9.85000000 4.45000000 -0.25000000
v 8.65000000 4.45000000 -0.25000000
f 341 342 343
f 341 343 344
f 345 347 346
f 345 348 347
f 341 345 346
f 341 346 342
f 343 347 348
f 343 348 344
f 341 344 348
f 341 348 345
f 342 346 347
f 342 347 343

o geometry_37
usemtl material_1
v 8.65000000 5.85000000 0.00000000
v 9.85000000 5.85000000 0.00000000
v 9.85000000 5.85000000 -0.25000000
v 8.65000000 5.85000000 -0.25000000
v 8.65000000 5.90000000 0.00000000
v 9.85000000 5.90000000 0.00000000
v 9.85000000 5.90000000 -0.25000000
v 8.65000000 5.90000000 -0.25000000
f 349 350 351
f 349 351 352
f 353 355 354
f 353 356 355
f 349 353 354
f 349 354 350
f 351 355 356
f 351 356 352
f 349 352 356
f 349 356 353
f 350 354 355
f 350 355 351

o geometry_38
usemtl material_1
v 8.65000000 4.40000000 0.00000000
v 8.70000000 4.40000000 0.00000000
v 8.70000000 4.40000000 -0.25000000
v 8.65000000 4.40000000 -0.25000000
v 8.65000000 5.90000000 0.00000000
v 8.70000000 5.90000000 0.00000000
v 8.70000000 5.90000000 -0.25000000
v 8.65000000 5.90000000 -0.25000000
f 357 358 359
f 357 359 360
f 361 363 362
f 361 364 363
f 357 361 362
f 357 362 358
f 359 363 364
f 359 364 360
f 357 360 364
f 357 364 361
f 358 362 363
f 358 363 359

o geometry_39
usemtl material_1
v 9.80000000 4.40000000 0.00000000
v 9.85000000 4.40000000 0.00000000
v 9.85000000 4.40000000 -0.25000000
v 9.80000000 4.40000000 -0.25000000
v 9.80000000 5.90000000 0.00000000
v 9.85000000 5.90000000 0.00000000
v 9.85000000 5.90000000 -0.25000000
v 9.80000000 5.90000000 -0.25000000
f 365 366 367
f 365 367 368
f 369 371 370
f 369 372 371
f 365 369 370
f 365 370 366
f 367 371 372
f 367 372 368
f 365 368 372
f 365 372 369
f 366 370 371
f 366 371 367

o geometry_40
usemtl material_1
v 10.15000000 4.40000000 0.00000000
v 11.35000000 4.40000000 0.00000000
v 11.35000000 4.40000000 -0.25000000
v 10.15000000 4.40000000 -0.25000000
v 10.15000000 4.45000000 0.00000000
v 11.35000000 4.45000000 0.00000000
v 11.35000000 4.45000000 -0.25000000
v 10.15000000 4.45000000 -0.25000000
f 373 374 375
f 373 375 376
f 377 379 378
f 377 380 379
f 373 377 378
f 373 378 374
f 375 379 380
f 375 380 376
f 373 376 380
f 373 380 377
f 374 378 379
f 374 379 375

o geometry_41
usemtl material_1
v 10.15000000 5.85000000 0.00000000
v 11.35000000 5.85000000 0.00000000
v 11.35000000 5.85000000 -0.25000000
v 10.15000000 5.85000000 -0.25000000
v 10.15000000 5.90000000 0.00000000
v 11.35000000 5.90000000 0.00000000
v 11.35000000 5.90000000 -0.25000000
v 10.15000000 5.90000000 -0.25000000
f 381 382 383
f 381 383 384
f 385 387 386
f 385 388 387
f 381 385 386
f 381 386 382
f 383 387 388
f 383 388 384
f 381 384 388
f 381 388 385
f 382 386 387
f 382 387 383

o geometry_42
usemtl material_1
v 10.15000000 4.40000000 0.00000000
v 10.20000000 4.40000000 0.00000000
v 10.20000000 4.40000000 -0.25000000
v 10.15000000 4.40000000 -0.25000000
v 10.15000000 5.90000000 0.00000000
v 10.20000000 5.90000000 0.00000000
v 10.20000000 5.90000000 -0.25000000
v 10.15000000 5.90000000 -0.25000000
f 389 390 391
f 389 391 392
f 393 395 394
f 393 396 395
f 389 393 394
f 389 394 390
f 391 395 396
f 391 396 392
f 389 392 396
f 389 396 393
f 390 394 395
f 390 395 391

o geometry_43
usemtl material_1
v 11.30000000 4.40000000 0.00000000
v 11.35000000 4.40000000 0.00000000
v 11.35000000 4.40000000 -0.25000000
v 11.30000000 4.40000000 -0.25000000
v 11.30000000 5.90000000 0.00000000
v 11.35000000 5.90000000 0.00000000
v 11.35000000 5.90000000 -0.25000000
v 11.30000000 5.90000000 -0.25000000
f 397 398 399
f 397 399 400
f 401 403 402
f 401 404 403
f 397 401 402
f 397 402 398
f 399 403 404
f 399 404 400
f 397 400 404
f 397 404 401
f 398 402 403
f 398 403 399

o geometry_44
usemtl material_4
v 8.65000000 4.40000000 -0.15000000
v 8.70000000 4.40000000 -0.15000000
v 8.70000000 4.40000000 -0.23000000
v 8.65000000 4.40000000 -0.23000000
v 8.65000000 5.90000000 -0.15000000
v 8.70000000 5.90000000 -0.15000000
v 8.70000000 5.90000000 -0.23000000
v 8.65000000 5.90000000 -0.23000000
f 405 406 407
f 405 407 408
f 409 411 410
f 409 412 411
f 405 409 410
f 405 410 406
f 407 411 412
f 407 412 408
f 405 408 412
f 405 412 409
f 406 410 411
f 406 411 407

o geometry_45
usemtl material_4
v 9.80000000 4.40000000 -0.15000000
v 9.85000000 4.40000000 -0.15000000
v 9.85000000 4.40000000 -0.23000000
v 9.80000000 4.40000000 -0.23000000
v 9.80000000 5.90000000 -0.15000000
v 9.85000000 5.90000000 -0.15000000
v 9.85000000 5.90000000 -0.23000000
v 9.80000000 5.90000000 -0.23000000
f 413 414 415
f 413 415 416
f 417 419 418
f 417 420 419
f 413 417 418
f 413 418 414
f 415 419 420
f 415 420 416
f 413 416 420
f 413 420 417
f 414 418 419
f 414 419 415

o geometry_46
usemtl material_4
v 8.65000000 5.85000000 -0.15000000
v 9.85000000 5.85000000 -0.15000000
v 9.85000000 5.85000000 -0.23000000
v 8.65000000 5.85000000 -0.23000000
v 8.65000000 5.90000000 -0.15000000
v 9.85000000 5.90000000 -0.15000000
v 9.85000000 5.90000000 -0.23000000
v 8.65000000 5.90000000 -0.23000000
f 421 422 423
f 421 423 424
f 425 427 426
f 425 428 427
f 421 425 426
f 421 426 422
f 423 427 428
f 423 428 424
f 421 424 428
f 421 428 425
f 422 426 427
f 422 427 423

o geometry_47
usemtl material_4
v 8.65000000 4.40000000 -0.15000000
v 9.85000000 4.40000000 -0.15000000
v 9.85000000 4.40000000 -0.23000000
v 8.65000000 4.40000000 -0.23000000
v 8.65000000 4.45000000 -0.15000000
v 9.85000000 4.45000000 -0.15000000
v 9.85000000 4.45000000 -0.23000000
v 8.65000000 4.45000000 -0.23000000
f 429 430 431
f 429 431 432
f 433 435 434
f 433 436 435
f 429 433 434
f 429 434 430
f 431 435 436
f 431 436 432
f 429 432 436
f 429 436 433
f 430 434 435
f 430 435 431

o geometry_48
usemtl material_2
v 8.70000000 4.45000000 -0.18000000
v 9.80000000 4.45000000 -0.18000000
v 9.80000000 4.45000000 -0.20000000
v 8.70000000 4.45000000 -0.20000000
v 8.70000000 5.85000000 -0.18000000
v 9.80000000 5.85000000 -0.18000000
v 9.80000000 5.85000000 -0.20000000
v 8.70000000 5.85000000 -0.20000000
f 437 438 439
f 437 439 440
f 441 443 442
f 441 444 443
f 437 441 442
f 437 442 438
f 439 443 444
f 439 444 440
f 437 440 444
f 437 444 441
f 438 442 443
f 438 443 439

o geometry_49
usemtl material_4
v 10.15000000 4.40000000 -0.15000000
v 10.20000000 4.40000000 -0.15000000
v 10.20000000 4.40000000 -0.23000000
v 10.15000000 4.40000000 -0.23000000
v 10.15000000 5.90000000 -0.15000000
v 10.20000000 5.90000000 -0.15000000
v 10.20000000 5.90000000 -0.23000000
v 10.15000000 5.90000000 -0.23000000
f 445 446 447
f 445 447 448
f 449 451 450
f 449 452 451
f 445 449 450
f 445 450 446
f 447 451 452
f 447 452 448
f 445 448 452
f 445 452 449
f 446 450 451
f 446 451 447

o geometry_50
usemtl material_4
v 11.30000000 4.40000000 -0.15000000
v 11.35000000 4.40000000 -0.15000000
v 11.35000000 4.40000000 -0.23000000
v 11.30000000 4.40000000 -0.23000000
v 11.30000000 5.90000000 -0.15000000
v 11.35000000 5.90000000 -0.15000000
v 11.35000000 5.90000000 -0.23000000
v 11.30000000 5.90000000 -0.23000000
f 453 454 455
f 453 455 456
f 457 459 458
f 457 460 459
f 453 457 458
f 453 458 454
f 455 459 460
f 455 460 456
f 453 456 460
f 453 460 457
f 454 458 459
f 454 459 455

o geometry_51
usemtl material_4
v 10.15000000 5.85000000 -0.15000000
v 11.35000000 5.85000000 -0.15000000
v 11.35000000 5.85000000 -0.23000000
v 10.15000000 5.85000000 -0.23000000
v 10.15000000 5.90000000 -0.15000000
v 11.35000000 5.90000000 -0.15000000
v 11.35000000 5.90000000 -0.23000000
v 10.15000000 5.90000000 -0.23000000
f 461 462 463
f 461 463 464
f 465 467 466
f 465 468 467
f 461 465 466
f 461 466 462
f 463 467 468
f 463 468 464
f 461 464 468
f 461 468 465
f 462 466 467
f 462 467 463

o geometry_52
usemtl material_4
v 10.15000000 4.40000000 -0.15000000
v 11.35000000 4.40000000 -0.15000000
v 11.35000000 4.40000000 -0.23000000
v 10.15000000 4.40000000 -0.23000000
v 10.15000000 4.45000000 -0.15000000
v 11.35000000 4.45000000 -0.15000000
v 11.35000000 4.45000000 -0.23000000
v 10.15000000 4.45000000 -0.23000000
f 469 470 471
f 469 471 472
f 473 475 474
f 473 476 475
f 469 473 474
f 469 474 470
f 471 475 476
f 471 476 472
f 469 472 476
f 469 476 473
f 470 474 475
f 470 475 471

o geometry_53
usemtl material_2
v 10.20000000 4.45000000 -0.18000000
v 11.30000000 4.45000000 -0.18000000
v 11.30000000 4.45000000 -0.20000000
v 10.20000000 4.45000000 -0.20000000
v 10.20000000 5.85000000 -0.18000000
v 11.30000000 5.85000000 -0.18000000
v 11.30000000 5.85000000 -0.20000000
v 10.20000000 5.85000000 -0.20000000
f 477 478 479
f 477 479 480
f 481 483 482
f 481 484 483
f 477 481 482
f 477 482 478
f 479 483 484
f 479 484 480
f 477 480 484
f 477 484 481
f 478 482 483
f 478 483 479

o tmperyjyhyx.stl
usemtl material_5
v 12.00000000 3.59999990 -8.00000000
v 12.00000000 3.59999990 0.00000000
v 8.00000000 3.59999990 0.00000000
v 8.00000000 3.59999990 -8.00000000
v 12.00000000 6.59999990 0.00000000
v 12.00000000 6.59999990 -8.00000000
v 8.00000000 6.59999990 0.00000000
v 8.00000000 6.59999990 -8.00000000
v 10.14999962 5.90000010 0.00000000
v 11.06666660 5.90000010 0.00000000
v 9.06666660 4.40000010 0.00000000
v 8.64999962 4.40000010 0.00000000
v 8.64999962 5.90000010 0.00000000
v 9.85000038 4.98750019 0.00000000
v 10.14999962 5.21249962 0.00000000
v 9.85000038 5.90000010 0.00000000
v 9.85000038 4.40000010 0.00000000
v 11.35000038 5.90000010 0.00000000
v 11.35000038 4.40000010 0.00000000
v 10.14999962 4.40000010 0.00000000
v 9.85000038 4.40000010 -0.50000000
v 8.64999962 4.40000010 -0.50000000
v 9.85000038 5.90000010 -0.50000000
v 8.64999962 5.90000010 -0.50000000
v 11.35000038 4.40000010 -0.50000000
v 10.14999962 4.40000010 -0.50000000
v 11.35000038 5.90000010 -0.50000000
v 10.14999962 5.90000010 -0.50000000
f 485 486 487
f 488 485 487
f 489 490 491
f 490 492 491
f 493 494 489
f 487 495 496
f 487 496 497
f 493 489 491
f 498 499 493
f 500 498 493
f 491 487 497
f 500 493 491
f 491 497 500
f 499 498 501
f 501 495 487
f 489 494 502
f 489 502 503
f 501 487 486
f 504 499 501
f 486 489 503
f 504 501 486
f 486 503 504
f 492 490 485
f 488 492 485
f 492 488 487
f 491 492 487
f 490 489 486
f 485 490 486
f 501 505 496
f 501 496 495
f 506 496 505
f 497 507 500
f 508 507 497
f 508 505 507
f 506 505 508
f 496 506 508
f 497 496 508
f 507 501 498
f 507 498 500
f 501 507 505
f 504 503 509
f 510 504 509
f 493 511 502
f 493 502 494
f 512 511 493
f 512 509 511
f 510 509 512
f 504 510 512
f 499 504 512
f 499 512 493
f 502 511 503
f 503 511 509

o geometry_55
usemtl material_1
v 12.65000000 4.40000000 0.00000000
v 13.85000000 4.40000000 0.00000000
v 13.85000000 4.40000000 -0.25000000
v 12.65000000 4.40000000 -0.25000000
v 12.65000000 4.45000000 0.00000000
v 13.85000000 4.45000000 0.00000000
v 13.85000000 4.45000000 -0.25000000
v 12.65000000 4.45000000 -0.25000000
f 513 514 515
f 513 515 516
f 517 519 518
f 517 520 519
f 513 517 518
f 513 518 514
f 515 519 520
f 515 520 516
f 513 516 520
f 513 520 517
f 514 518 519
f 514 519 515

o geometry_56
usemtl material_1
v 12.65000000 5.85000000 0.00000000
v 13.85000000 5.85000000 0.00000000
v 13.85000000 5.85000000 -0.25000000
v 12.65000000 5.85000000 -0.25000000
v 12.65000000 5.90000000 0.00000000
v 13.85000000 5.90000000 0.00000000
v 13.85000000 5.90000000 -0.25000000
v 12.65000000 5.90000000 -0.25000000
f 521 522 523
f 521 523 524
f 525 527 526
f 525 528 527
f 521 525 526
f 521 526 522
f 523 527 528
f 523 528 524
f 521 524 528
f 521 528 525
f 522 526 527
f 522 527 523

o geometry_57
usemtl material_1
v 12.65000000 4.40000000 0.00000000
v 12.70000000 4.40000000 0.00000000
v 12.70000000 4.40000000 -0.25000000
v 12.65000000 4.40000000 -0.25000000
v 12.65000000 5.90000000 0.00000000
v 12.70000000 5.90000000 0.00000000
v 12.70000000 5.90000000 -0.25000000
v 12.65000000 5.90000000 -0.25000000
f 529 530 531
f 529 531 532
f 533 535 534
f 533 536 535
f 529 533 534
f 529 534 530
f 531 535 536
f 531 536 532
f 529 532 536
f 529 536 533
f 530 534 535
f 530 535 531

o geometry_58
usemtl material_1
v 13.80000000 4.40000000 0.00000000
v 13.85000000 4.40000000 0.00000000
v 13.85000000 4.40000000 -0.25000000
v 13.80000000 4.40000000 -0.25000000
v 13.80000000 5.90000000 0.00000000
v 13.85000000 5.90000000 0.00000000
v 13.85000000 5.90000000 -0.25000000
v 13.80000000 5.90000000 -0.25000000
f 537 538 539
f 537 539 540
f 541 543 542
f 541 544 543
f 537 541 542
f 537 542 538
f 539 543 544
f 539 544 540
f 537 540 544
f 537 544 541
f 538 542 543
f 538 543 539

o geometry_59
usemtl material_1
v 14.15000000 4.40000000 0.00000000
v 15.35000000 4.40000000 0.00000000
v 15.35000000 4.40000000 -0.25000000
v 14.15000000 4.40000000 -0.25000000
v 14.15000000 4.45000000 0.00000000
v 15.35000000 4.45000000 0.00000000
v 15.35000000 4.45000000 -0.25000000
v 14.15000000 4.45000000 -0.25000000
f 545 546 547
f 545 547 548
f 549 551 550
f 549 552 551
f 545 549 550
f 545 550 546
f 547 551 552
f 547 552 548
f 545 548 552
f 545 552 549
f 546 550 551
f 546 551 547

o geometry_60
usemtl material_1
v 14.15000000 5.85000000 0.00000000
v 15.35000000 5.85000000 0.00000000
v 15.35000000 5.85000000 -0.25000000
v 14.15000000 5.85000000 -0.25000000
v 14.15000000 5.90000000 0.00000000
v 15.35000000 5.90000000 0.00000000
v 15.35000000 5.90000000 -0.25000000
v 14.15000000 5.90000000 -0.25000000
f 553 554 555
f 553 555 556
f 557 559 558
f 557 560 559
f 553 557 558
f 553 558 554
f 555 559 560
f 555 560 556
f 553 556 560
f 553 560 557
f 554 558 559
f 554 559 555

o geometry_61
usemtl material_1
v 14.15000000 4.40000000 0.00000000
v 14.20000000 4.40000000 0.00000000
v 14.20000000 4.40000000 -0.25000000
v 14.15000000 4.40000000 -0.25000000
v 14.15000000 5.90000000 0.00000000
v 14.20000000 5.90000000 0.00000000
v 14.20000000 5.90000000 -0.25000000
v 14.15000000 5.90000000 -0.25000000
f 561 562 563
f 561 563 564
f 565 567 566
f 565 568 567
f 561 565 566
f 561 566 562
f 563 567 568
f 563 568 564
f 561 564 568
f 561 568 565
f 562 566 567
f 562 567 563

o geometry_62
usemtl material_1
v 15.30000000 4.40000000 0.00000000
v 15.35000000 4.40000000 0.00000000
v 15.35000000 4.40000000 -0.25000000
v 15.30000000 4.40000000 -0.25000000
v 15.30000000 5.90000000 0.00000000
v 15.35000000 5.90000000 0.00000000
v 15.35000000 5.90000000 -0.25000000
v 15.30000000 5.90000000 -0.25000000
f 569 570 571
f 569 571 572
f 573 575 574
f 573 576 575
f 569 573 574
f 569 574 570
f 571 575 576
f 571 576 572
f 569 572 576
f 569 576 573
f 570 574 575
f 570 575 571

o geometry_63
usemtl material_4
v 12.65000000 4.40000000 -0.15000000
v 12.70000000 4.40000000 -0.15000000
v 12.70000000 4.40000000 -0.23000000
v 12.65000000 4.40000000 -0.23000000
v 12.65000000 5.90000000 -0.15000000
v 12.70000000 5.90000000 -0.15000000
v 12.70000000 5.90000000 -0.23000000
v 12.65000000 5.90000000 -0.23000000
f 577 578 579
f 577 579 580
f 581 583 582
f 581 584 583
f 577 581 582
f 577 582 578
f 579 583 584
f 579 584 580
f 577 580 584
f 577 584 581
f 578 582 583
f 578 583 579

o geometry_64
usemtl material_4
v 13.80000000 4.40000000 -0.15000000
v 13.85000000 4.40000000 -0.15000000
v 13.85000000 4.40000000 -0.23000000
v 13.80000000 4.40000000 -0.23000000
v 13.80000000 5.90000000 -0.15000000
v 13.85000000 5.90000000 -0.15000000
v 13.85000000 5.90000000 -0.23000000
v 13.80000000 5.90000000 -0.23000000
f 585 586 587
f 585 587 588
f 589 591 590
f 589 592 591
f 585 589 590
f 585 590 586
f 587 591 592
f 587 592 588
f 585 588 592
f 585 592 589
f 586 590 591
f 586 591 587

o geometry_65
usemtl material_4
v 12.65000000 5.85000000 -0.15000000
v 13.85000000 5.85000000 -0.15000000
v 13.85000000 5.85000000 -0.23000000
v 12.65000000 5.85000000 -0.23000000
v 12.65000000 5.90000000 -0.15000000
v 13.85000000 5.90000000 -0.15000000
v 13.85000000 5.90000000 -0.23000000
v 12.65000000 5.90000000 -0.23000000
f 593 594 595
f 593 595 596
f 597 599 598
f 597 600 599
f 593 597 598
f 593 598 594
f 595 599 600
f 595 600 596
f 593 596 600
f 593 600 597
f 594 598 599
f 594 599 595

o geometry_66
usemtl material_4
v 12.65000000 4.40000000 -0.15000000
v 13.85000000 4.40000000 -0.15000000
v 13.85000000 4.40000000 -0.23000000
v 12.65000000 4.40000000 -0.23000000
v 12.65000000 4.45000000 -0.15000000
v 13.85000000 4.45000000 -0.15000000
v 13.85000000 4.45000000 -0.23000000
v 12.65000000 4.45000000 -0.23000000
f 601 602 603
f 601 603 604
f 605 607 606
f 605 608 607
f 601 605 606
f 601 606 602
f 603 607 608
f 603 608 604
f 601 604 608
f 601 608 605
f 602 606 607
f 602 607 603

o geometry_67
usemtl material_2
v 12.70000000 4.45000000 -0.18000000
v 13.80000000 4.45000000 -0.18000000
v 13.80000000 4.45000000 -0.20000000
v 12.70000000 4.45000000 -0.20000000
v 12.70000000 5.85000000 -0.18000000
v 13.80000000 5.85000000 -0.18000000
v 13.80000000 5.85000000 -0.20000000
v 12.70000000 5.85000000 -0.20000000
f 609 610 611
f 609 611 612
f 613 615 614
f 613 616 615
f 609 613 614
f 609 614 610
f 611 615 616
f 611 616 612
f 609 612 616
f 609 616 613
f 610 614 615
f 610 615 611

o geometry_68
usemtl material_4
v 14.15000000 4.40000000 -0.15000000
v 14.20000000 4.40000000 -0.15000000
v 14.20000000 4.40000000 -0.23000000
v 14.15000000 4.40000000 -0.23000000
v 14.15000000 5.90000000 -0.15000000
v 14.20000000 5.90000000 -0.15000000
v 14.20000000 5.90000000 -0.23000000
v 14.15000000 5.90000000 -0.23000000
f 617 618 619
f 617 619 620
f 621 623 622
f 621 624 623
f 617 621 622
f 617 622 618
f 619 623 624
f 619 624 620
f 617 620 624
f 617 624 621
f 618 622 623
f 618 623 619

o geometry_69
usemtl material_4
v 15.30000000 4.40000000 -0.15000000
v 15.35000000 4.40000000 -0.15000000
v 15.35000000 4.40000000 -0.23000000
v 15.30000000 4.40000000 -0.23000000
v 15.30000000 5.90000000 -0.15000000
v 15.35000000 5.90000000 -0.15000000
v 15.35000000 5.90000000 -0.23000000
v 15.30000000 5.90000000 -0.23000000
f 625 626 627
f 625 627 628
f 629 631 630
f 629 632 631
f 625 629 630
f 625 630 626
f 627 631 632
f 627 632 628
f 625 628 632
f 625 632 629
f 626 630 631
f 626 631 627

o geometry_70
usemtl material_4
v 14.15000000 5.85000000 -0.15000000
v 15.35000000 5.85000000 -0.15000000
v 15.35000000 5.85000000 -0.23000000
v 14.15000000 5.85000000 -0.23000000
v 14.15000000 5.90000000 -0.15000000
v 15.35000000 5.90000000 -0.15000000
v 15.35000000 5.90000000 -0.23000000
v 14.15000000 5.90000000 -0.23000000
f 633 634 635
f 633 635 636
f 637 639 638
f 637 640 639
f 633 637 638
f 633 638 634
f 635 639 640
f 635 640 636
f 633 636 640
f 633 640 637
f 634 638 639
f 634 639 635

o geometry_71
usemtl material_4
v 14.15000000 4.40000000 -0.15000000
v 15.35000000 4.40000000 -0.15000000
v 15.35000000 4.40000000 -0.23000000
v 14.15000000 4.40000000 -0.23000000
v 14.15000000 4.45000000 -0.15000000
v 15.35000000 4.45000000 -0.15000000
v 15.35000000 4.45000000 -0.23000000
v 14.15000000 4.45000000 -0.23000000
f 641 642 643
f 641 643 644
f 645 647 646
f 645 648 647
f 641 645 646
f 641 646 642
f 643 647 648
f 643 648 644
f 641 644 648
f 641 648 645
f 642 646 647
f 642 647 643

o geometry_72
usemtl material_2
v 14.20000000 4.45000000 -0.18000000
v 15.30000000 4.45000000 -0.18000000
v 15.30000000 4.45000000 -0.20000000
v 14.20000000 4.45000000 -0.20000000
v 14.20000000 5.85000000 -0.18000000
v 15.30000000 5.85000000 -0.18000000
v 15.30000000 5.85000000 -0.20000000
v 14.20000000 5.85000000 -0.20000000
f 649 650 651
f 649 651 652
f 653 655 654
f 653 656 655
f 649 653 654
f 649 654 650
f 651 655 656
f 651 656 652
f 649 652 656
f 649 656 653
f 650 654 655
f 650 655 651

o tmpbm0l_n_s.stl
usemtl material_5
v 16.00000000 3.59999990 -8.00000000
v 16.00000000 3.59999990 0.00000000
v 12.00000000 3.59999990 0.00000000
v 12.00000000 3.59999990 -8.00000000
v 16.00000000 6.59999990 0.00000000
v 16.00000000 6.59999990 -8.00000000
v 12.00000000 6.59999990 0.00000000
v 12.00000000 6.59999990 -8.00000000
v 14.14999962 5.90000010 0.00000000
v 15.06666660 5.90000010 0.00000000
v 13.06666660 4.40000010 0.00000000
v 12.64999962 4.40000010 0.00000000
v 12.64999962 5.90000010 0.00000000
v 13.85000038 4.98750019 0.00000000
v 14.14999962 5.21249962 0.00000000
v 13.85000038 5.90000010 0.00000000
v 13.85000038 4.40000010 0.00000000
v 15.35000038 5.90000010 0.00000000
v 15.35000038 4.40000010 0.00000000
v 14.14999962 4.40000010 0.00000000
v 13.85000038 4.40000010 -0.50000000
v 12.64999962 4.40000010 -0.50000000
v 13.85000038 5.90000010 -0.50000000
v 12.64999962 5.90000010 -0.50000000
v 15.35000038 4.40000010 -0.50000000
v 14.14999962 4.40000010 -0.50000000
v 15.35000038 5.90000010 -0.50000000
v 14.14999962 5.90000010 -0.50000000
f 657 658 659
f 660 657 659
f 661 662 663
f 662 664 663
f 665 666 661
f 659 667 668
f 659 668 669
f 665 661 663
f 670 671 665
f 672 670 665
f 663 659 669
f 672 665 663
f 663 669 672
f 671 670 673
f 673 667 659
f 661 666 674
f 661 674 675
f 673 659 658
f 676 671 673
f 658 661 675
f 676 673 658
f 658 675 676
f 664 662 657
f 660 664 657
f 664 660 659
f 663 664 659
f 662 661 658
f 657 662 658
f 673 677 668
f 673 668 667
f 678 668 677
f 669 679 672
f 680 679 669
f 680 677 679
f 678 677 680
f 668 678 680
f 669 668 680
f 679 673 670
f 679 670 672
f 673 679 677
f 676 675 681
f 682 676 681
f 665 683 674
f 665 674 666
f 684 683 665
f 684 681 683
f 682 681 684
f 676 682 684
f 671 676 684
f 671 684 665
f 674 683 675
f 675 683 681

o geometry_74
usemtl material_1
v 0.65000000 7.40000000 0.00000000
v 1.85000000 7.40000000 0.00000000
v 1.85000000 7.40000000 -0.25000000
v 0.65000000 7.40000000 -0.25000000
v 0.65000000 7.45000000 0.00000000
v 1.85000000 7.45000000 0.00000000
v 1.85000000 7.45000000 -0.25000000
v 0.65000000 7.45000000 -0.25000000
f 685 686 687
f 685 687 688
f 689 691 690
f 689 692 691
f 685 689 690
f 685 690 686
f 687 691 692
f 687 692 688
f 685 688 692
f 685 692 689
f 686 690 691
f 686 691 687

o geometry_75
usemtl material_1
v 0.65000000 8.85000000 0.00000000
v 1.85000000 8.85000000 0.00000000
v 1.85000000 8.85000000 -0.25000000
v 0.65000000 8.85000000 -0.25000000
v 0.65000000 8.90000000 0.00000000
v 1.85000000 8.90000000 0.00000000
v 1.85000000 8.90000000 -0.25000000
v 0.65000000 8.90000000 -0.25000000
f 693 694 695
f 693 695 696
f 697 699 698
f 697 700 699
f 693 697 698
f 693 698 694
f 695 699 700
f 695 700 696
f 693 696 700
f 693 700 697
f 694 698 699
f 694 699 695

o geometry_76
usemtl material_1
v 0.65000000 7.40000000 0.00000000
v 0.70000000 7.40000000 0.00000000
v 0.70000000 7.40000000 -0.25000000
v 0.65000000 7.40000000 -0.25000000
v 0.65000000 8.90000000 0.00000000
v 0.70000000 8.90000000 0.00000000
v 0.70000000 8.90000000 -0.25000000
v 0.65000000 8.90000000 -0.25000000
f 701 702 703
f 701 703 704
f 705 707 706
f 705 708 707
f 701 705 706
f 701 706 702
f 703 707 708
f 703 708 704
f 701 704 708
f 701 708 705
f 702 706 707
f 702 707 703

o geometry_77
usemtl material_1
v 1.80000000 7.40000000 0.00000000
v 1.85000000 7.40000000 0.00000000
v 1.85000000 7.40000000 -0.25000000
v 1.80000000 7.40000000 -0.25000000
v 1.80000000 8.90000000 0.00000000
v 1.85000000 8.90000000 0.00000000
v 1.85000000 8.90000000 -0.25000000
v 1.80000000 8.90000000 -0.25000000
f 709 710 711
f 709 711 712
f 713 715 714
f 713 716 715
f 709 713 714
f 709 714 710
f 711 715 716
f 711 716 712
f 709 712 716
f 709 716 713
f 710 714 715
f 710 715 711

o geometry_78
usemtl material_1
v 2.15000000 7.40000000 0.00000000
v 3.35000000 7.40000000 0.00000000
v 3.35000000 7.40000000 -0.25000000
v 2.15000000 7.40000000 -0.25000000
v 2.15000000 7.45000000 0.00000000
v 3.35000000 7.45000000 0.00000000
v 3.35000000 7.45000000 -0.25000000
v 2.15000000 7.45000000 -0.25000000
f 717 718 719
f 717 719 720
f 721 723 722
f 721 724 723
f 717 721 722
f 717 722 718
f 719 723 724
f 719 724 720
f 717 720 724
f 717 724 721
f 718 722 723
f 718 723 719

o geometry_79
usemtl material_1
v 2.15000000 8.85000000 0.00000000
v 3.35000000 8.85000000 0.00000000
v 3.35000000 8.85000000 -0.25000000
v 2.15000000 8.85000000 -0.25000000
v 2.15000000 8.90000000 0.00000000
v 3.35000000 8.90000000 0.00000000
v 3.35000000 8.90000000 -0.25000000
v 2.15000000 8.90000000 -0.25000000
f 725 726 727
f 725 727 728
f 729 731 730
f 729 732 731
f 725 729 730
f 725 730 726
f 727 731 732
f 727 732 728
f 725 728 732
f 725 732 729
f 726 730 731
f 726 731 727

o geometry_80
usemtl material_1
v 2.15000000 7.40000000 0.00000000
v 2.20000000 7.40000000 0.00000000
v 2.20000000 7.40000000 -0.25000000
v 2.15000000 7.40000000 -0.25000000
v 2.15000000 8.90000000 0.00000000
v 2.20000000 8.90000000 0.00000000
v 2.20000000 8.90000000 -0.25000000
v 2.15000000 8.90000000 -0.25000000
f 733 734 735
f 733 735 736
f 737 739 738
f 737 740 739
f 733 737 738
f 733 738 734
f 735 739 740
f 735 740 736
f 733 736 740
f 733 740 737
f 734 738 739
f 734 739 735

o geometry_81
usemtl material_1
v 3.30000000 7.40000000 0.00000000
v 3.35000000 7.40000000 0.00000000
v 3.35000000 7.40000000 -0.25000000
v 3.30000000 7.40000000 -0.25000000
v 3.30000000 8.90000000 0.00000000
v 3.35000000 8.90000000 0.00000000
v 3.35000000 8.90000000 -0.25000000
v 3.30000000 8.90000000 -0.25000000
f 741 742 743
f 741 743 744
f 745 747 746
f 745 748 747
f 741 745 746
f 741 746 742
f 743 747 748
f 743 748 744
f 741 744 748
f 741 748 745
f 742 746 747
f 742 747 743

o geometry_82
usemtl material_4
v 0.65000000 7.40000000 -0.15000000
v 0.70000000 7.40000000 -0.15000000
v 0.70000000 7.40000000 -0.23000000
v 0.65000000 7.40000000 -0.23000000
v 0.65000000 8.90000000 -0.15000000
v 0.70000000 8.90000000 -0.15000000
v 0.70000000 8.90000000 -0.23000000
v 0.65000000 8.90000000 -0.23000000
f 749 750 751
f 749 751 752
f 753 755 754
f 753 756 755
f 749 753 754
f 749 754 750
f 751 755 756
f 751 756 752
f 749 752 756
f 749 756 753
f 750 754 755
f 750 755 751

o geometry_83
usemtl material_4
v 1.80000000 7.40000000 -0.15000000
v 1.85000000 7.40000000 -0.15000000
v 1.85000000 7.40000000 -0.23000000
v 1.80000000 7.40000000 -0.23000000
v 1.80000000 8.90000000 -0.15000000
v 1.85000000 8.90000000 -0.15000000
v 1.85000000 8.90000000 -0.23000000
v 1.80000000 8.90000000 -0.23000000
f 757 758 759
f 757 759 760
f 761 763 762
f 761 764 763
f 757 761 762
f 757 762 758
f 759 763 764
f 759 764 760
f 757 760 764
f 757 764 761
f 758 762 763
f 758 763 759

o geometry_84
usemtl material_4
v 0.65000000 8.85000000 -0.15000000
v 1.85000000 8.85000000 -0.15000000
v 1.85000000 8.85000000 -0.23000000
v 0.65000000 8.85000000 -0.23000000
v 0.65000000 8.90000000 -0.15000000
v 1.85000000 8.90000000 -0.15000000
v 1.85000000 8.90000000 -0.23000000
v 0.65000000 8.90000000 -0.23000000
f 765 766 767
f 765 767 768
f 769 771 770
f 769 772 771
f 765 769 770
f 765 770 766
f 767 771 772
f 767 772 768
f 765 768 772
f 765 772 769
f 766 770 771
f 766 771 767

o geometry_85
usemtl material_4
v 0.65000000 7.40000000 -0.15000000
v 1.85000000 7.40000000 -0.15000000
v 1.85000000 7.40000000 -0.23000000
v 0.65000000 7.40000000 -0.23000000
v 0.65000000 7.45000000 -0.15000000
v 1.85000000 7.45000000 -0.15000000
v 1.85000000 7.45000000 -0.23000000
v 0.65000000 7.45000000 -0.23000000
f 773 774 775
f 773 775 776
f 777 779 778
f 777 780 779
f 773 777 778
f 773 778 774
f 775 779 780
f 775 780 776
f 773 776 780
f 773 780 777
f 774 778 779
f 774 779 775

o geometry_86
usemtl material_2
v 0.70000000 7.45000000 -0.18000000
v 1.80000000 7.45000000 -0.18000000
v 1.80000000 7.45000000 -0.20000000
v 0.70000000 7.45000000 -0.20000000
v 0.70000000 8.85000000 -0.18000000
v 1.80000000 8.85000000 -0.18000000
v 1.80000000 8.85000000 -0.20000000
v 0.70000000 8.85000000 -0.20000000
f 781 782 783
f 781 783 784
f 785 787 786
f 785 788 787
f 781 785 786
f 781 786 782
f 783 787 788
f 783 788 784
f 781 784 788
f 781 788 785
f 782 786 787
f 782 787 783

o geometry_87
usemtl material_4
v 2.15000000 7.40000000 -0.15000000
v 2.20000000 7.40000000 -0.15000000
v 2.20000000 7.40000000 -0.23000000
v 2.15000000 7.40000000 -0.23000000
v 2.15000000 8.90000000 -0.15000000
v 2.20000000 8.90000000 -0.15000000
v 2.20000000 8.90000000 -0.23000000
v 2.15000000 8.90000000 -0.23000000
f 789 790 791
f 789 791 792
f 793 795 794
f 793 796 795
f 789 793 794
f 789 794 790
f 791 795 796
f 791 796 792
f 789 792 796
f 789 796 793
f 790 794 795
f 790 795 791

o geometry_88
usemtl material_4
v 3.30000000 7.40000000 -0.15000000
v 3.35000000 7.40000000 -0.15000000
v 3.35000000 7.40000000 -0.23000000
v 3.30000000 7.40000000 -0.23000000
v 3.30000000 8.90000000 -0.15000000
v 3.35000000 8.90000000 -0.15000000
v 3.35000000 8.90000000 -0.23000000
v 3.30000000 8.90000000 -0.23000000
f 797 798 799
f 797 799 800
f 801 803 802
f 801 804 803
f 797 801 802
f 797 802 798
f 799 803 804
f 799 804 800
f 797 800 804
f 797 804 801
f 798 802 803
f 798 803 799

o geometry_89
usemtl material_4
v 2.15000000 8.85000000 -0.15000000
v 3.35000000 8.85000000 -0.15000000
v 3.35000000 8.85000000 -0.23000000
v 2.15000000 8.85000000 -0.23000000
v 2.15000000 8.90000000 -0.15000000
v 3.35000000 8.90000000 -0.15000000
v 3.35000000 8.90000000 -0.23000000
v 2.15000000 8.90000000 -0.23000000
f 805 806 807
f 805 807 808
f 809 811 810
f 809 812 811
f 805 809 810
f 805 810 806
f 807 811 812
f 807 812 808
f 805 808 812
f 805 812 809
f 806 810 811
f 806 811 807

o geometry_90
usemtl material_4
v 2.15000000 7.40000000 -0.15000000
v 3.35000000 7.40000000 -0.15000000
v 3.35000000 7.40000000 -0.23000000
v 2.15000000 7.40000000 -0.23000000
v 2.15000000 7.45000000 -0.15000000
v 3.35000000 7.45000000 -0.15000000
v 3.35000000 7.45000000 -0.23000000
v 2.15000000 7.45000000 -0.23000000
f 813 814 815
f 813 815 816
f 817 819 818
f 817 820 819
f 813 817 818
f 813 818 814
f 815 819 820
f 815 820 816
f 813 816 820
f 813 820 817
f 814 818 819
f 814 819 815

o geometry_91
usemtl material_2
v 2.20000000 7.45000000 -0.18000000
v 3.30000000 7.45000000 -0.18000000
v 3.30000000 7.45000000 -0.20000000
v 2.20000000 7.45000000 -0.20000000
v 2.20000000 8.85000000 -0.18000000
v 3.30000000 8.85000000 -0.18000000
v 3.30000000 8.85000000 -0.20000000
v 2.20000000 8.85000000 -0.20000000
f 821 822 823
f 821 823 824
f 825 827 826
f 825 828 827
f 821 825 826
f 821 826 822
f 823 827 828
f 823 828 824
f 821 824 828
f 821 828 825
f 822 826 827
f 822 827 823

o tmppxl8jufe.stl
usemtl material_5
v 4.00000000 6.59999990 -8.00000000
v 4.00000000 6.59999990 0.00000000
v 0.00000000 6.59999990 0.00000000
v 0.00000000 6.59999990 -8.00000000
v 4.00000000 9.60000038 0.00000000
v 4.00000000 9.60000038 -8.00000000
v 0.00000000 9.60000038 0.00000000
v 0.00000000 9.60000038 -8.00000000
v 2.15000010 8.89999962 0.00000000
v 3.06666589 8.89999962 0.00000000
v 1.06666672 7.40000010 0.00000000
v 0.64999998 7.40000010 0.00000000
v 0.64999998 8.89999962 0.00000000
v 1.85000002 7.98750019 0.00000000
v 2.15000010 8.21250057 0.00000000
v 1.85000002 8.89999962 0.00000000
v 1.85000002 7.40000010 0.00000000
v 3.34999990 8.89999962 0.00000000
v 3.34999990 7.40000010 0.00000000
v 2.15000010 7.40000010 0.00000000
v 1.85000002 7.40000010 -0.50000000
v 0.64999998 7.40000010 -0.50000000
v 1.85000002 8.89999962 -0.50000000
v 0.64999998 8.89999962 -0.50000000
v 3.34999990 7.40000010 -0.50000000
v 2.15000010 7.40000010 -0.50000000
v 3.34999990 8.89999962 -0.50000000
v 2.15000010 8.89999962 -0.50000000
f 829 830 831
f 832 829 831
f 833 834 835
f 834 836 835
f 837 838 833
f 831 839 840
f 831 840 841
f 837 833 835
f 842 843 837
f 844 842 837
f 835 831 841
f 844 837 835
f 835 841 844
f 843 842 845
f 845 839 831
f 833 838 846
f 833 846 847
f 845 831 830
f 848 843 845
f 830 833 847
f 848 845 830
f 830 847 848
f 836 834 829
f 832 836 829
f 836 832 831
f 835 836 831
f 834 833 830
f 829 834 830
f 845 849 840
f 845 840 839
f 850 840 849
f 841 851 844
f 852 851 841
f 852 849 851
f 850 849 852
f 840 850 852
f 841 840 852
f 851 845 842
f 851 842 844
f 845 851 849
f 848 847 853
f 854 848 853
f 837 855 846
f 837 846 838
f 856 855 837
f 856 853 855
f 854 853 856
f 848 854 856
f 843 848 856
f 843 856 837
f 846 855 847
f 847 855 853

o geometry_93
usemtl material_1
v 5.40000000 7.40000000 0.00000000
v 6.60000000 7.40000000 0.00000000
v 6.60000000 7.40000000 -0.25000000
v 5.40000000 7.40000000 -0.25000000
v 5.40000000 7.45000000 0.00000000
v 6.60000000 7.45000000 0.00000000
v 6.60000000 7.45000000 -0.25000000
v 5.40000000 7.45000000 -0.25000000
f 857 858 859
f 857 859 860
f 861 863 862
f 861 864 863
f 857 861 862
f 857 862 858
f 859 863 864
f 859 864 860
f 857 860 864
f 857 864 861
f 858 862 863
f 858 863 859

o geometry_94
usemtl material_1
v 5.40000000 8.85000000 0.00000000
v 6.60000000 8.85000000 0.00000000
v 6.60000000 8.85000000 -0.25000000
v 5.40000000 8.85000000 -0.25000000
v 5.40000000 8.90000000 0.00000000
v 6.60000000 8.90000000 0.00000000
v 6.60000000 8.90000000 -0.25000000
v 5.40000000 8.90000000 -0.25000000
f 865 866 867
f 865 867 868
f 869 871 870
f 869 872 871
f 865 869 870
f 865 870 866
f 867 871 872
f 867 872 868
f 865 868 872
f 865 872 869
f 866 870 871
f 866 871 867

o geometry_95
usemtl material_1
v 5.40000000 7.40000000 0.00000000
v 5.45000000 7.40000000 0.00000000
v 5.45000000 7.40000000 -0.25000000
v 5.40000000 7.40000000 -0.25000000
v 5.40000000 8.90000000 0.00000000
v 5.45000000 8.90000000 0.00000000
v 5.45000000 8.90000000 -0.25000000
v 5.40000000 8.90000000 -0.25000000
f 873 874 875
f 873 875 876
f 877 879 878
f 877 880 879
f 873 877 878
f 873 878 874
f 875 879 880
f 875 880 876
f 873 876 880
f 873 880 877
f 874 878 879
f 874 879 875

o geometry_96
usemtl material_1
v 6.55000000 7.40000000 0.00000000
v 6.60000000 7.40000000 0.00000000
v 6.60000000 7.40000000 -0.25000000
v 6.55000000 7.40000000 -0.25000000
v 6.55000000 8.90000000 0.00000000
v 6.60000000 8.90000000 0.00000000
v 6.60000000 8.90000000 -0.25000000
v 6.55000000 8.90000000 -0.25000000
f 881 882 883
f 881 883 884
f 885 887 886
f 885 888 887
f 881 885 886
f 881 886 882
f 883 887 888
f 883 888 884
f 881 884 888
f 881 888 885
f 882 886 887
f 882 887 883

o geometry_97
usemtl material_4
v 5.40000000 7.40000000 -0.15000000
v 5.45000000 7.40000000 -0.15000000
v 5.45000000 7.40000000 -0.23000000
v 5.40000000 7.40000000 -0.23000000
v 5.40000000 8.90000000 -0.15000000
v 5.45000000 8.90000000 -0.15000000
v 5.45000000 8.90000000 -0.23000000
v 5.40000000 8.90000000 -0.23000000
f 889 890 891
f 889 891 892
f 893 895 894
f 893 896 895
f 889 893 894
f 889 894 890
f 891 895 896
f 891 896 892
f 889 892 896
f 889 896 893
f 890 894 895
f 890 895 891

o geometry_98
usemtl material_4
v 6.55000000 7.40000000 -0.15000000
v 6.60000000 7.40000000 -0.15000000
v 6.60000000 7.40000000 -0.23000000
v 6.55000000 7.40000000 -0.23000000
v 6.55000000 8.90000000 -0.15000000
v 6.60000000 8.90000000 -0.15000000
v 6.60000000 8.90000000 -0.23000000
v 6.55000000 8.90000000 -0.23000000
f 897 898 899
f 897 899 900
f 901 903 902
f 901 904 903
f 897 901 902
f 897 902 898
f 899 903 904
f 899 904 900
f 897 900 904
f 897 904 901
f 898 902 903
f 898 903 899

o geometry_99
usemtl material_4
v 5.40000000 8.85000000 -0.15000000
v 6.60000000 8.85000000 -0.15000000
v 6.60000000 8.85000000 -0.23000000
v 5.40000000 8.85000000 -0.23000000
v 5.40000000 8.90000000 -0.15000000
v 6.60000000 8.90000000 -0.15000000
v 6.60000000 8.90000000 -0.23000000
v 5.40000000 8.90000000 -0.23000000
f 905 906 907
f 905 907 908
f 909 911 910
f 909 912 911
f 905 909 910
f 905 910 906
f 907 911 912
f 907 912 908
f 905 908 912
f 905 912 909
f 906 910 911
f 906 911 907

o geometry_100
usemtl material_4
v 5.40000000 7.40000000 -0.15000000
v 6.60000000 7.40000000 -0.15000000
v 6.60000000 7.40000000 -0.23000000
v 5.40000000 7.40000000 -0.23000000
v 5.40000000 7.45000000 -0.15000000
v 6.60000000 7.45000000 -0.15000000
v 6.60000000 7.45000000 -0.23000000
v 5.40000000 7.45000000 -0.23000000
f 913 914 915
f 913 915 916
f 917 919 918
f 917 920 919
f 913 917 918
f 913 918 914
f 915 919 920
f 915 920 916
f 913 916 920
f 913 920 917
f 914 918 919
f 914 919 915

o geometry_101
usemtl material_2
v 5.45000000 7.45000000 -0.18000000
v 6.55000000 7.45000000 -0.18000000
v 6.55000000 7.45000000 -0.20000000
v 5.45000000 7.45000000 -0.20000000
v 5.45000000 8.85000000 -0.18000000
v 6.55000000 8.85000000 -0.18000000
v 6.55000000 8.85000000 -0.20000000
v 5.45000000 8.85000000 -0.20000000
f 921 922 923
f 921 923 924
f 925 927 926
f 925 928 927
f 921 925 926
f 921 926 922
f 923 927 928
f 923 928 924
f 921 924 928
f 921 928 925
f 922 926 927
f 922 927 923

o tmpw_xtcxjm.stl
usemtl material_5
v 8.00000000 6.59999990 -8.00000000
v 8.00000000 6.59999990 0.00000000
v 4.00000000 6.59999990 0.00000000
v 4.00000000 6.59999990 -8.00000000
v 8.00000000 9.60000038 0.00000000
v 8.00000000 9.60000038 -8.00000000
v 4.00000000 9.60000038 0.00000000
v 4.00000000 9.60000038 -8.00000000
v 5.40000010 7.65000010 0.00000000
v 5.40000010 8.89999962 0.00000000
v 6.59999990 8.89999962 0.00000000
v 6.59999990 8.55000019 0.00000000
v 5.40000010 7.40000010 0.00000000
v 6.59999990 7.40000010 0.00000000
v 6.59999990 7.40000010 -0.50000000
v 5.40000010 7.40000010 -0.50000000
v 6.59999990 8.89999962 -0.50000000
v 5.40000010 8.89999962 -0.50000000
f 929 930 931
f 932 929 931
f 933 934 935
f 934 936 935
f 935 931 937
f 935 937 938
f 939 940 933
f 935 938 939
f 933 935 939
f 941 937 931
f 930 933 940
f 942 941 931
f 930 940 942
f 931 930 942
f 936 934 929
f 932 936 929
f 936 932 931
f 935 936 931
f 934 933 930
f 929 934 930
f 941 942 943
f 944 941 943
f 938 945 939
f 946 945 938
f 946 943 945
f 944 943 946
f 941 944 946
f 937 941 946
f 937 946 938
f 945 942 940
f 945 940 939
f 942 945 943

o geometry_103
usemtl material_6
v 4.40000000 6.80000000 0.80000000
v 7.60000000 6.80000000 0.80000000
v 7.60000000 6.80000000 0.00000000
v 4.40000000 6.80000000 0.00000000
v 4.40000000 6.90000000 0.80000000
v 7.60000000 6.90000000 0.80000000
v 7.60000000 6.90000000 0.00000000
v 4.40000000 6.90000000 0.00000000
f 947 948 949
f 947 949 950
f 951 953 952
f 951 954 953
f 947 951 952
f 947 952 948
f 949 953 954
f 949 954 950
f 947 950 954
f 947 954 951
f 948 952 953
f 948 953 949

o geometry_104
usemtl material_7
v 4.40000000 6.90000000 0.80000000
v 7.60000000 6.90000000 0.80000000
v 7.60000000 6.90000000 0.75000000
v 4.40000000 6.90000000 0.75000000
v 4.40000000 7.90000000 0.80000000
v 7.60000000 7.90000000 0.80000000
v 7.60000000 7.90000000 0.75000000
v 4.40000000 7.90000000 0.75000000
f 955 956 957
f 955 957 958
f 959 961 960
f 959 962 961
f 955 959 960
f 955 960 956
f 957 961 962
f 957 962 958
f 955 958 962
f 955 962 959
f 956 960 961
f 956 961 957

o geometry_105
usemtl material_7
v 4.40000000 6.90000000 0.80000000
v 4.45000000 6.90000000 0.80000000
v 4.45000000 6.90000000 0.00000000
v 4.40000000 6.90000000 0.00000000
v 4.40000000 7.90000000 0.80000000
v 4.45000000 7.90000000 0.80000000
v 4.45000000 7.90000000 0.00000000
v 4.40000000 7.90000000 0.00000000
f 963 964 965
f 963 965 966
f 967 969 968
f 967 970 969
f 963 967 968
f 963 968 964
f 965 969 970
f 965 970 966
f 963 966 970
f 963 970 967
f 964 968 969
f 964 969 965

o geometry_106
usemtl material_7
v 7.55000000 6.90000000 0.80000000
v 7.60000000 6.90000000 0.80000000
v 7.60000000 6.90000000 0.00000000
v 7.55000000 6.90000000 0.00000000
v 7.55000000 7.90000000 0.80000000
v 7.60000000 7.90000000 0.80000000
v 7.60000000 7.90000000 0.00000000
v 7.55000000 7.90000000 0.00000000
f 971 972 973
f 971 973 974
f 975 977 976
f 975 978 977
f 971 975 976
f 971 976 972
f 973 977 978
f 973 978 974
f 971 974 978
f 971 978 975
f 972 976 977
f 972 977 973

o geometry_107
usemtl material_1
v 9.40000000 7.40000000 0.00000000
v 10.60000000 7.40000000 0.00000000
v 10.60000000 7.40000000 -0.25000000
v 9.40000000 7.40000000 -0.25000000
v 9.40000000 7.45000000 0.00000000
v 10.60000000 7.45000000 0.00000000
v 10.60000000 7.45000000 -0.25000000
v 9.40000000 7.45000000 -0.25000000
f 979 980 981
f 979 981 982
f 983 985 984
f 983 986 985
f 979 983 984
f 979 984 980
f 981 985 986
f 981 986 982
f 979 982 986
f 979 986 983
f 980 984 985
f 980 985 981

o geometry_108
usemtl material_1
v 9.40000000 8.85000000 0.00000000
v 10.60000000 8.85000000 0.00000000
v 10.60000000 8.85000000 -0.25000000
v 9.40000000 8.85000000 -0.25000000
v 9.40000000 8.90000000 0.00000000
v 10.60000000 8.90000000 0.00000000
v 10.60000000 8.90000000 -0.25000000
v 9.40000000 8.90000000 -0.25000000
f 987 988 989
f 987 989 990
f 991 993 992
f 991 994 993
f 987 991 992
f 987 992 988
f 989 993 994
f 989 994 990
f 987 990 994
f 987 994 991
f 988 992 993
f 988 993 989

o geometry_109
usemtl material_1
v 9.40000000 7.40000000 0.00000000
v 9.45000000 7.40000000 0.00000000
v 9.45000000 7.40000000 -0.25000000
v 9.40000000 7.40000000 -0.25000000
v 9.40000000 8.90000000 0.00000000
v 9.45000000 8.90000000 0.00000000
v 9.45000000 8.90000000 -0.25000000
v 9.40000000 8.90000000 -0.25000000
f 995 996 997
f 995 997 998
f 999 1001 1000
f 999 1002 1001
f 995 999 1000
f 995 1000 996
f 997 1001 1002
f 997 1002 998
f 995 998 1002
f 995 1002 999
f 996 1000 1001
f 996 1001 997

o geometry_110
usemtl material_1
v 10.55000000 7.40000000 0.00000000
v 10.60000000 7.40000000 0.00000000
v 10.60000000 7.40000000 -0.25000000
v 10.55000000 7.40000000 -0.25000000
v 10.55000000 8.90000000 0.00000000
v 10.60000000 8.90000000 0.00000000
v 10.60000000 8.90000000 -0.25000000
v 10.55000000 8.90000000 -0.25000000
f 1003 1004 1005
f 1003 1005 1006
f 1007 1009 1008
f 1007 1010 1009
f 1003 1007 1008
f 1003 1008 1004
f 1005 1009 1010
f 1005 1010 1006
f 1003 1006 1010
f 1003 1010 1007
f 1004 1008 1009
f 1004 1009 1005

o geometry_111
usemtl material_4
v 9.40000000 7.40000000 -0.15000000
v 9.45000000 7.40000000 -0.15000000
v 9.45000000 7.40000000 -0.23000000
v 9.40000000 7.40000000 -0.23000000
v 9.40000000 8.90000000 -0.15000000
v 9.45000000 8.90000000 -0.15000000
v 9.45000000 8.90000000 -0.23000000
v 9.40000000 8.90000000 -0.23000000
f 1011 1012 1013
f 1011 1013 1014
f 1015 1017 1016
f 1015 1018 1017
f 1011 1015 1016
f 1011 1016 1012
f 1013 1017 1018
f 1013 1018 1014
f 1011 1014 1018
f 1011 1018 1015
f 1012 1016 1017
f 1012 1017 1013

o geometry_112
usemtl material_4
v 10.55000000 7.40000000 -0.15000000
v 10.60000000 7.40000000 -0.15000000
v 10.60000000 7.40000000 -0.23000000
v 10.55000000 7.40000000 -0.23000000
v 10.55000000 8.90000000 -0.15000000
v 10.60000000 8.90000000 -0.15000000
v 10.60000000 8.90000000 -0.23000000
v 10.55000000 8.90000000 -0.23000000
f 1019 1020 1021
f 1019 1021 1022
f 1023 1025 1024
f 1023 1026 1025
f 1019 1023 1024
f 1019 1024 1020
f 1021 1025 1026
f 1021 1026 1022
f 1019 1022 1026
f 1019 1026 1023
f 1020 1024 1025
f 1020 1025 1021

o geometry_113
usemtl material_4
v 9.40000000 8.85000000 -0.15000000
v 10.60000000 8.85000000 -0.15000000
v 10.60000000 8.85000000 -0.23000000
v 9.40000000 8.85000000 -0.23000000
v 9.40000000 8.90000000 -0.15000000
v 10.60000000 8.90000000 -0.15000000
v 10.60000000 8.90000000 -0.23000000
v 9.40000000 8.90000000 -0.23000000
f 1027 1028 1029
f 1027 1029 1030
f 1031 1033 1032
f 1031 1034 1033
f 1027 1031 1032
f 1027 1032 1028
f 1029 1033 1034
f 1029 1034 1030
f 1027 1030 1034
f 1027 1034 1031
f 1028 1032 1033
f 1028 1033 1029

o geometry_114
usemtl material_4
v 9.40000000 7.40000000 -0.15000000
v 10.60000000 7.40000000 -0.15000000
v 10.60000000 7.40000000 -0.23000000
v 9.40000000 7.40000000 -0.23000000
v 9.40000000 7.45000000 -0.15000000
v 10.60000000 7.45000000 -0.15000000
v 10.60000000 7.45000000 -0.23000000
v 9.40000000 7.45000000 -0.23000000
f 1035 1036 1037
f 1035 1037 1038
f 1039 1041 1040
f 1039 1042 1041
f 1035 1039 1040
f 1035 1040 1036
f 1037 1041 1042
f 1037 1042 1038
f 1035 1038 1042
f 1035 1042 1039
f 1036 1040 1041
f 1036 1041 1037

o geometry_115
usemtl material_2
v 9.45000000 7.45000000 -0.18000000
v 10.55000000 7.45000000 -0.18000000
v 10.55000000 7.45000000 -0.20000000
v 9.45000000 7.45000000 -0.20000000
v 9.45000000 8.85000000 -0.18000000
v 10.55000000 8.85000000 -0.18000000
v 10.55000000 8.85000000 -0.20000000
v 9.45000000 8.85000000 -0.20000000
f 1043 1044 1045
f 1043 1045 1046
f 1047 1049 1048
f 1047 1050 1049
f 1043 1047 1048
f 1043 1048 1044
f 1045 1049 1050
f 1045 1050 1046
f 1043 1046 1050
f 1043 1050 1047
f 1044 1048 1049
f 1044 1049 1045

o tmpsm83qn3z.stl
usemtl material_5
v 12.00000000 6.59999990 -8.00000000
v 12.00000000 6.59999990 0.00000000
v 8.00000000 6.59999990 0.00000000
v 8.00000000 6.59999990 -8.00000000
v 12.00000000 9.60000038 0.00000000
v 12.00000000 9.60000038 -8.00000000
v 8.00000000 9.60000038 0.00000000
v 8.00000000 9.60000038 -8.00000000
v 9.39999962 7.64999962 0.00000000
v 9.39999962 8.89999962 0.00000000
v 10.60000038 8.89999962 0.00000000
v 10.60000038 8.55000019 0.00000000
v 9.39999962 7.40000010 0.00000000
v 10.60000038 7.40000010 0.00000000
v 10.60000038 7.40000010 -0.50000000
v 9.39999962 7.40000010 -0.50000000
v 10.60000038 8.89999962 -0.50000000
v 9.39999962 8.89999962 -0.50000000
f 1051 1052 1053
f 1054 1051 1053
f 1055 1056 1057
f 1056 1058 1057
f 1057 1053 1059
f 1057 1059 1060
f 1061 1062 1055
f 1057 1060 1061
f 1055 1057 1061
f 1063 1059 1053
f 1052 1055 1062
f 1064 1063 1053
f 1052 1062 1064
f 1053 1052 1064
f 1058 1056 1051
f 1054 1058 1051
f 1058 1054 1053
f 1057 1058 1053
f 1056 1055 1052
f 1051 1056 1052
f 1063 1064 1065
f 1066 1063 1065
f 1060 1067 1061
f 1068 1067 1060
f 1068 1065 1067
f 1066 1065 1068
f 1063 1066 1068
f 1059 1063 1068
f 1059 1068 1060
f 1067 1064 1062
f 1067 1062 1061
f 1064 1067 1065

o geometry_117
usemtl material_1
v 12.65000000 7.40000000 0.00000000
v 13.85000000 7.40000000 0.00000000
v 13.85000000 7.40000000 -0.25000000
v 12.65000000 7.40000000 -0.25000000
v 12.65000000 7.45000000 0.00000000
v 13.85000000 7.45000000 0.00000000
v 13.85000000 7.45000000 -0.25000000
v 12.65000000 7.45000000 -0.25000000
f 1069 1070 1071
f 1069 1071 1072
f 1073 1075 1074
f 1073 1076 1075
f 1069 1073 1074
f 1069 1074 1070
f 1071 1075 1076
f 1071 1076 1072
f 1069 1072 1076
f 1069 1076 1073
f 1070 1074 1075
f 1070 1075 1071

o geometry_118
usemtl material_1
v 12.65000000 8.85000000 0.00000000
v 13.85000000 8.85000000 0.00000000
v 13.85000000 8.85000000 -0.25000000
v 12.65000000 8.85000000 -0.25000000
v 12.65000000 8.90000000 0.00000000
v 13.85000000 8.90000000 0.00000000
v 13.85000000 8.90000000 -0.25000000
v 12.65000000 8.90000000 -0.25000000
f 1077 1078 1079
f 1077 1079 1080
f 1081 1083 1082
f 1081 1084 1083
f 1077 1081 1082
f 1077 1082 1078
f 1079 1083 1084
f 1079 1084 1080
f 1077 1080 1084
f 1077 1084 1081
f 1078 1082 1083
f 1078 1083 1079

o geometry_119
usemtl material_1
v 12.65000000 7.40000000 0.00000000
v 12.70000000 7.40000000 0.00000000
v 12.70000000 7.40000000 -0.25000000
v 12.65000000 7.40000000 -0.25000000
v 12.65000000 8.90000000 0.00000000
v 12.70000000 8.90000000 0.00000000
v 12.70000000 8.90000000 -0.25000000
v 12.65000000 8.90000000 -0.25000000
f 1085 1086 1087
f 1085 1087 1088
f 1089 1091 1090
f 1089 1092 1091
f 1085 1089 1090
f 1085 1090 1086
f 1087 1091 1092
f 1087 1092 1088
f 1085 1088 1092
f 1085 1092 1089
f 1086 1090 1091
f 1086 1091 1087

o geometry_120
usemtl material_1
v 13.80000000 7.40000000 0.00000000
v 13.85000000 7.40000000 0.00000000
v 13.85000000 7.40000000 -0.25000000
v 13.80000000 7.40000000 -0.25000000
v 13.80000000 8.90000000 0.00000000
v 13.85000000 8.90000000 0.00000000
v 13.85000000 8.90000000 -0.25000000
v 13.80000000 8.90000000 -0.25000000
f 1093 1094 1095
f 1093 1095 1096
f 1097 1099 1098
f 1097 1100 1099
f 1093 1097 1098
f 1093 1098 1094
f 1095 1099 1100
f 1095 1100 1096
f 1093 1096 1100
f 1093 1100 1097
f 1094 1098 1099
f 1094 1099 1095

o geometry_121
usemtl material_1
v 14.15000000 7.40000000 0.00000000
v 15.35000000 7.40000000 0.00000000
v 15.35000000 7.40000000 -0.25000000
v 14.15000000 7.40000000 -0.25000000
v 14.15000000 7.45000000 0.00000000
v 15.35000000 7.45000000 0.00000000
v 15.35000000 7.45000000 -0.25000000
v 14.15000000 7.45000000 -0.25000000
f 1101 1102 1103
f 1101 1103 1104
f 1105 1107 1106
f 1105 1108 1107
f 1101 1105 1106
f 1101 1106 1102
f 1103 1107 1108
f 1103 1108 1104
f 1101 1104 1108
f 1101 1108 1105
f 1102 1106 1107
f 1102 1107 1103

o geometry_122
usemtl material_1
v 14.15000000 8.85000000 0.00000000
v 15.35000000 8.85000000 0.00000000
v 15.35000000 8.85000000 -0.25000000
v 14.15000000 8.85000000 -0.25000000
v 14.15000000 8.90000000 0.00000000
v 15.35000000 8.90000000 0.00000000
v 15.35000000 8.90000000 -0.25000000
v 14.15000000 8.90000000 -0.25000000
f 1109 1110 1111
f 1109 1111 1112
f 1113 1115 1114
f 1113 1116 1115
f 1109 1113 1114
f 1109 1114 1110
f 1111 1115 1116
f 1111 1116 1112
f 1109 1112 1116
f 1109 1116 1113
f 1110 1114 1115
f 1110 1115 1111

o geometry_123
usemtl material_1
v 14.15000000 7.40000000 0.00000000
v 14.20000000 7.40000000 0.00000000
v 14.20000000 7.40000000 -0.25000000
v 14.15000000 7.40000000 -0.25000000
v 14.15000000 8.90000000 0.00000000
v 14.20000000 8.90000000 0.00000000
v 14.20000000 8.90000000 -0.25000000
v 14.15000000 8.90000000 -0.25000000
f 1117 1118 1119
f 1117 1119 1120
f 1121 1123 1122
f 1121 1124 1123
f 1117 1121 1122
f 1117 1122 1118
f 1119 1123 1124
f 1119 1124 1120
f 1117 1120 1124
f 1117 1124 1121
f 1118 1122 1123
f 1118 1123 1119

o geometry_124
usemtl material_1
v 15.30000000 7.40000000 0.00000000
v 15.35000000 7.40000000 0.00000000
v 15.35000000 7.40000000 -0.25000000
v 15.30000000 7.40000000 -0.25000000
v 15.30000000 8.90000000 0.00000000
v 15.35000000 8.90000000 0.00000000
v 15.35000000 8.90000000 -0.25000000
v 15.30000000 8.90000000 -0.25000000
f 1125 1126 1127
f 1125 1127 1128
f 1129 1131 1130
f 1129 1132 1131
f 1125 1129 1130
f 1125 1130 1126
f 1127 1131 1132
f 1127 1132 1128
f 1125 1128 1132
f 1125 1132 1129
f 1126 1130 1131
f 1126 1131 1127

o geometry_125
usemtl material_4
v 12.65000000 7.40000000 -0.15000000
v 12.70000000 7.40000000 -0.15000000
v 12.70000000 7.40000000 -0.23000000
v 12.65000000 7.40000000 -0.23000000
v 12.65000000 8.90000000 -0.15000000
v 12.70000000 8.90000000 -0.15000000
v 12.70000000 8.90000000 -0.23000000
v 12.65000000 8.90000000 -0.23000000
f 1133 1134 1135
f 1133 1135 1136
f 1137 1139 1138
f 1137 1140 1139
f 1133 1137 1138
f 1133 1138 1134
f 1135 1139 1140
f 1135 1140 1136
f 1133 1136 1140
f 1133 1140 1137
f 1134 1138 1139
f 1134 1139 1135

o geometry_126
usemtl material_4
v 13.80000000 7.40000000 -0.15000000
v 13.85000000 7.40000000 -0.15000000
v 13.85000000 7.40000000 -0.23000000
v 13.80000000 7.40000000 -0.23000000
v 13.80000000 8.90000000 -0.15000000
v 13.85000000 8.90000000 -0.15000000
v 13.85000000 8.90000000 -0.23000000
v 13.80000000 8.90000000 -0.23000000
f 1141 1142 1143
f 1141 1143 1144
f 1145 1147 1146
f 1145 1148 1147
f 1141 1145 1146
f 1141 1146 1142
f 1143 1147 1148
f 1143 1148 1144
f 1141 1144 1148
f 1141 1148 1145
f 1142 1146 1147
f 1142 1147 1143

o geometry_127
usemtl material_4
v 12.65000000 8.85000000 -0.15000000
v 13.85000000 8.85000000 -0.15000000
v 13.85000000 8.85000000 -0.23000000
v 12.65000000 8.85000000 -0.23000000
v 12.65000000 8.90000000 -0.15000000
v 13.85000000 8.90000000 -0.15000000
v 13.85000000 8.90000000 -0.23000000
v 12.65000000 8.90000000 -0.23000000
f 1149 1150 1151
f 1149 1151 1152
f 1153 1155 1154
f 1153 1156 1155
f 1149 1153 1154
f 1149 1154 1150
f 1151 1155 1156
f 1151 1156 1152
f 1149 1152 1156
f 1149 1156 1153
f 1150 1154 1155
f 1150 1155 1151

o geometry_128
usemtl material_4
v 12.65000000 7.40000000 -0.15000000
v 13.85000000 7.40000000 -0.15000000
v 13.85000000 7.40000000 -0.23000000
v 12.65000000 7.40000000 -0.23000000
v 12.65000000 7.45000000 -0.15000000
v 13.85000000 7.45000000 -0.15000000
v 13.85000000 7.45000000 -0.23000000
v 12.65000000 7.45000000 -0.23000000
f 1157 1158 1159
f 1157 1159 1160
f 1161 1163 1162
f 1161 1164 1163
f 1157 1161 1162
f 1157 1162 1158
f 1159 1163 1164
f 1159 1164 1160
f 1157 1160 1164
f 1157 1164 1161
f 1158 1162 1163
f 1158 1163 1159

o geometry_129
usemtl material_2
v 12.70000000 7.45000000 -0.18000000
v 13.80000000 7.45000000 -0.18000000
v 13.80000000 7.45000000 -0.20000000
v 12.70000000 7.45000000 -0.20000000
v 12.70000000 8.85000000 -0.18000000
v 13.80000000 8.85000000 -0.18000000
v 13.80000000 8.85000000 -0.20000000
v 12.70000000 8.85000000 -0.20000000
f 1165 1166 1167
f 1165 1167 1168
f 1169 1171 1170
f 1169 1172 1171
f 1165 1169 1170
f 1165 1170 1166
f 1167 1171 1172
f 1167 1172 1168
f 1165 1168 1172
f 1165 1172 1169
f 1166 1170 1171
f 1166 1171 1167

o geometry_130
usemtl material_4
v 14.15000000 7.40000000 -0.15000000
v 14.20000000 7.40000000 -0.15000000
v 14.20000000 7.40000000 -0.23000000
v 14.15000000 7.40000000 -0.23000000
v 14.15000000 8.90000000 -0.15000000
v 14.20000000 8.90000000 -0.15000000
v 14.20000000 8.90000000 -0.23000000
v 14.15000000 8.90000000 -0.23000000
f 1173 1174 1175
f 1173 1175 1176
f 1177 1179 1178
f 1177 1180 1179
f 1173 1177 1178
f 1173 1178 1174
f 1175 1179 1180
f 1175 1180 1176
f 1173 1176 1180
f 1173 1180 1177
f 1174 1178 1179
f 1174 1179 1175

o geometry_131
usemtl material_4
v 15.30000000 7.40000000 -0.15000000
v 15.35000000 7.40000000 -0.15000000
v 15.35000000 7.40000000 -0.23000000
v 15.30000000 7.40000000 -0.23000000
v 15.30000000 8.90000000 -0.15000000
v 15.35000000 8.90000000 -0.15000000
v 15.35000000 8.90000000 -0.23000000
v 15.30000000 8.90000000 -0.23000000
f 1181 1182 1183
f 1181 1183 1184
f 1185 1187 1186
f 1185 1188 1187
f 1181 1185 1186
f 1181 1186 1182
f 1183 1187 1188
f 1183 1188 1184
f 1181 1184 1188
f 1181 1188 1185
f 1182 1186 1187
f 1182 1187 1183

o geometry_132
usemtl material_4
v 14.15000000 8.85000000 -0.15000000
v 15.35000000 8.85000000 -0.15000000
v 15.35000000 8.85000000 -0.23000000
v 14.15000000 8.85000000 -0.23000000
v 14.15000000 8.90000000 -0.15000000
v 15.35000000 8.90000000 -0.15000000
v 15.35000000 8.90000000 -0.23000000
v 14.15000000 8.90000000 -0.23000000
f 1189 1190 1191
f 1189 1191 1192
f 1193 1195 1194
f 1193 1196 1195
f 1189 1193 1194
f 1189 1194 1190
f 1191 1195 1196
f 1191 1196 1192
f 1189 1192 1196
f 1189 1196 1193
f 1190 1194 1195
f 1190 1195 1191

o geometry_133
usemtl material_4
v 14.15000000 7.40000000 -0.15000000
v 15.35000000 7.40000000 -0.15000000
v 15.35000000 7.40000000 -0.23000000
v 14.15000000 7.40000000 -0.23000000
v 14.15000000 7.45000000 -0.15000000
v 15.35000000 7.45000000 -0.15000000
v 15.35000000 7.45000000 -0.23000000
v 14.15000000 7.45000000 -0.23000000
f 1197 1198 1199
f 1197 1199 1200
f 1201 1203 1202
f 1201 1204 1203
f 1197 1201 1202
f 1197 1202 1198
f 1199 1203 1204
f 1199 1204 1200
f 1197 1200 1204
f 1197 1204 1201
f 1198 1202 1203
f 1198 1203 1199

o geometry_134
usemtl material_2
v 14.20000000 7.45000000 -0.18000000
v 15.30000000 7.45000000 -0.18000000
v 15.30000000 7.45000000 -0.20000000
v 14.20000000 7.45000000 -0.20000000
v 14.20000000 8.85000000 -0.18000000
v 15.30000000 8.85000000 -0.18000000
v 15.30000000 8.85000000 -0.20000000
v 14.20000000 8.85000000 -0.20000000
f 1205 1206 1207
f 1205 1207 1208
f 1209 1211 1210
f 1209 1212 1211
f 1205 1209 1210
f 1205 1210 1206
f 1207 1211 1212
f 1207 1212 1208
f 1205 1208 1212
f 1205 1212 1209
f 1206 1210 1211
f 1206 1211 1207

o tmpipp1uv2j.stl
usemtl material_5
v 16.00000000 6.59999990 -8.00000000
v 16.00000000 6.59999990 0.00000000
v 12.00000000 6.59999990 0.00000000
v 12.00000000 6.59999990 -8.00000000
v 16.00000000 9.60000038 0.00000000
v 16.00000000 9.60000038 -8.00000000
v 12.00000000 9.60000038 0.00000000
v 12.00000000 9.60000038 -8.00000000
v 14.14999962 8.89999962 0.00000000
v 15.06666565 8.89999962 0.00000000
v 13.06666660 7.40000010 0.00000000
v 12.64999962 7.40000010 0.00000000
v 12.64999962 8.89999962 0.00000000
v 13.85000038 7.98750019 0.00000000
v 14.14999962 8.21249962 0.00000000
v 13.85000038 8.89999962 0.00000000
v 13.85000038 7.40000010 0.00000000
v 15.35000038 8.89999962 0.00000000
v 15.35000038 7.40000010 0.00000000
v 14.14999962 7.40000010 0.00000000
v 13.85000038 7.40000010 -0.50000000
v 12.64999962 7.40000010 -0.50000000
v 13.85000038 8.89999962 -0.50000000
v 12.64999962 8.89999962 -0.50000000
v 15.35000038 7.40000010 -0.50000000
v 14.14999962 7.40000010 -0.50000000
v 15.35000038 8.89999962 -0.50000000
v 14.14999962 8.89999962 -0.50000000
f 1213 1214 1215
f 1216 1213 1215
f 1217 1218 1219
f 1218 1220 1219
f 1221 1222 1217
f 1215 1223 1224
f 1215 1224 1225
f 1221 1217 1219
f 1226 1227 1221
f 1228 1226 1221
f 1219 1215 1225
f 1228 1221 1219
f 1219 1225 1228
f 1227 1226 1229
f 1229 1223 1215
f 1217 1222 1230
f 1217 1230 1231
f 1229 1215 1214
f 1232 1227 1229
f 1214 1217 1231
f 1232 1229 1214
f 1214 1231 1232
f 1220 1218 1213
f 1216 1220 1213
f 1220 1216 1215
f 1219 1220 1215
f 1218 1217 1214
f 1213 1218 1214
f 1229 1233 1224
f 1229 1224 1223
f 1234 1224 1233
f 1225 1235 1228
f 1236 1235 1225
f 1236 1233 1235
f 1234 1233 1236
f 1224 1234 1236
f 1225 1224 1236
f 1235 1229 1226
f 1235 1226 1228
f 1229 1235 1233
f 1232 1231 1237
f 1238 1232 1237
f 1221 1239 1230
f 1221 1230 1222
f 1240 1239 1221
f 1240 1237 1239
f 1238 1237 1240
f 1232 1238 1240
f 1227 1232 1240
f 1227 1240 1221
f 1230 1239 1231
f 1231 1239 1237

o geometry_136
usemtl material_1
v 1.40000000 10.40000000 0.00000000
v 2.60000000 10.40000000 0.00000000
v 2.60000000 10.40000000 -0.25000000
v 1.40000000 10.40000000 -0.25000000
v 1.40000000 10.45000000 0.00000000
v 2.60000000 10.45000000 0.00000000
v 2.60000000 10.45000000 -0.25000000
v 1.40000000 10.45000000 -0.25000000
f 1241 1242 1243
f 1241 1243 1244
f 1245 1247 1246
f 1245 1248 1247
f 1241 1245 1246
f 1241 1246 1242
f 1243 1247 1248
f 1243 1248 1244
f 1241 1244 1248
f 1241 1248 1245
f 1242 1246 1247
f 1242 1247 1243

o geometry_137
usemtl material_1
v 1.40000000 11.85000000 0.00000000
v 2.60000000 11.85000000 0.00000000
v 2.60000000 11.85000000 -0.25000000
v 1.40000000 11.85000000 -0.25000000
v 1.40000000 11.90000000 0.00000000
v 2.60000000 11.90000000 0.00000000
v 2.60000000 11.90000000 -0.25000000
v 1.40000000 11.90000000 -0.25000000
f 1249 1250 1251
f 1249 1251 1252
f 1253 1255 1254
f 1253 1256 1255
f 1249 1253 1254
f 1249 1254 1250
f 1251 1255 1256
f 1251 1256 1252
f 1249 1252 1256
f 1249 1256 1253
f 1250 1254 1255
f 1250 1255 1251

o geometry_138
usemtl material_1
v 1.40000000 10.40000000 0.00000000
v 1.45000000 10.40000000 0.00000000
v 1.45000000 10.40000000 -0.25000000
v 1.40000000 10.40000000 -0.25000000
v 1.40000000 11.90000000 0.00000000
v 1.45000000 11.90000000 0.00000000
v 1.45000000 11.90000000 -0.25000000
v 1.40000000 11.90000000 -0.25000000
f 1257 1258 1259
f 1257 1259 1260
f 1261 1263 1262
f 1261 1264 1263
f 1257 1261 1262
f 1257 1262 1258
f 1259 1263 1264
f 1259 1264 1260
f 1257 1260 1264
f 1257 1264 1261
f 1258 1262 1263
f 1258 1263 1259

o geometry_139
usemtl material_1
v 2.55000000 10.40000000 0.00000000
v 2.60000000 10.40000000 0.00000000
v 2.60000000 10.40000000 -0.25000000
v 2.55000000 10.40000000 -0.25000000
v 2.55000000 11.90000000 0.00000000
v 2.60000000 11.90000000 0.00000000
v 2.60000000 11.90000000 -0.25000000
v 2.55000000 11.90000000 -0.25000000
f 1265 1266 1267
f 1265 1267 1268
f 1269 1271 1270
f 1269 1272 1271
f 1265 1269 1270
f 1265 1270 1266
f 1267 1271 1272
f 1267 1272 1268
f 1265 1268 1272
f 1265 1272 1269
f 1266 1270 1271
f 1266 1271 1267

o geometry_140
usemtl material_4
v 1.40000000 10.40000000 -0.15000000
v 1.45000000 10.40000000 -0.15000000
v 1.45000000 10.40000000 -0.23000000
v 1.40000000 10.40000000 -0.23000000
v 1.40000000 11.90000000 -0.15000000
v 1.45000000 11.90000000 -0.15000000
v 1.45000000 11.90000000 -0.23000000
v 1.40000000 11.90000000 -0.23000000
f 1273 1274 1275
f 1273 1275 1276
f 1277 1279 1278
f 1277 1280 1279
f 1273 1277 1278
f 1273 1278 1274
f 1275 1279 1280
f 1275 1280 1276
f 1273 1276 1280
f 1273 1280 1277
f 1274 1278 1279
f 1274 1279 1275

o geometry_141
usemtl material_4
v 2.55000000 10.40000000 -0.15000000
v 2.60000000 10.40000000 -0.15000000
v 2.60000000 10.40000000 -0.23000000
v 2.55000000 10.40000000 -0.23000000
v 2.55000000 11.90000000 -0.15000000
v 2.60000000 11.90000000 -0.15000000
v 2.60000000 11.90000000 -0.23000000
v 2.55000000 11.90000000 -0.23000000
f 1281 1282 1283
f 1281 1283 1284
f 1285 1287 1286
f 1285 1288 1287
f 1281 1285 1286
f 1281 1286 1282
f 1283 1287 1288
f 1283 1288 1284
f 1281 1284 1288
f 1281 1288 1285
f 1282 1286 1287
f 1282 1287 1283

o geometry_142
usemtl material_4
v 1.40000000 11.85000000 -0.15000000
v 2.60000000 11.85000000 -0.15000000
v 2.60000000 11.85000000 -0.23000000
v 1.40000000 11.85000000 -0.23000000
v 1.40000000 11.90000000 -0.15000000
v 2.60000000 11.90000000 -0.15000000
v 2.60000000 11.90000000 -0.23000000
v 1.40000000 11.90000000 -0.23000000
f 1289 1290 1291
f 1289 1291 1292
f 1293 1295 1294
f 1293 1296 1295
f 1289 1293 1294
f 1289 1294 1290
f 1291 1295 1296
f 1291 1296 1292
f 1289 1292 1296
f 1289 1296 1293
f 1290 1294 1295
f 1290 1295 1291

o geometry_143
usemtl material_4
v 1.40000000 10.40000000 -0.15000000
v 2.60000000 10.40000000 -0.15000000
v 2.60000000 10.40000000 -0.23000000
v 1.40000000 10.40000000 -0.23000000
v 1.40000000 10.45000000 -0.15000000
v 2.60000000 10.45000000 -0.15000000
v 2.60000000 10.45000000 -0.23000000
v 1.40000000 10.45000000 -0.23000000
f 1297 1298 1299
f 1297 1299 1300
f 1301 1303 1302
f 1301 1304 1303
f 1297 1301 1302
f 1297 1302 1298
f 1299 1303 1304
f 1299 1304 1300
f 1297 1300 1304
f 1297 1304 1301
f 1298 1302 1303
f 1298 1303 1299

o geometry_144
usemtl material_2
v 1.45000000 10.45000000 -0.18000000
v 2.55000000 10.45000000 -0.18000000
v 2.55000000 10.45000000 -0.20000000
v 1.45000000 10.45000000 -0.20000000
v 1.45000000 11.85000000 -0.18000000
v 2.55000000 11.85000000 -0.18000000
v 2.55000000 11.85000000 -0.20000000
v 1.45000000 11.85000000 -0.20000000
f 1305 1306 1307
f 1305 1307 1308
f 1309 1311 1310
f 1309 1312 1311
f 1305 1309 1310
f 1305 1310 1306
f 1307 1311 1312
f 1307 1312 1308
f 1305 1308 1312
f 1305 1312 1309
f 1306 1310 1311
f 1306 1311 1307

o tmpv99e3kdf.stl
usemtl material_5
v 4.00000000 9.60000038 -8.00000000
v 4.00000000 9.60000038 0.00000000
v 0.00000000 9.60000038 0.00000000
v 0.00000000 9.60000038 -8.00000000
v 4.00000000 12.60000038 0.00000000
v 4.00000000 12.60000038 -8.00000000
v 0.00000000 12.60000038 0.00000000
v 0.00000000 12.60000038 -8.00000000
v 1.39999998 10.65000057 0.00000000
v 1.39999998 11.89999962 0.00000000
v 2.59999990 11.89999962 0.00000000
v 2.59999990 11.55000019 0.00000000
v 1.39999998 10.39999962 0.00000000
v 2.59999990 10.39999962 0.00000000
v 2.59999990 10.39999962 -0.50000000
v 1.39999998 10.39999962 -0.50000000
v 2.59999990 11.89999962 -0.50000000
v 1.39999998 11.89999962 -0.50000000
f 1313 1314 1315
f 1316 1313 1315
f 1317 1318 1319
f 1318 1320 1319
f 1319 1315 1321
f 1319 1321 1322
f 1323 1324 1317
f 1319 1322 1323
f 1317 1319 1323
f 1325 1321 1315
f 1314 1317 1324
f 1326 1325 1315
f 1314 1324 1326
f 1315 1314 1326
f 1320 1318 1313
f 1316 1320 1313
f 1320 1316 1315
f 1319 1320 1315
f 1318 1317 1314
f 1313 1318 1314
f 1325 1326 1327
f 1328 1325 1327
f 1322 1329 1323
f 1330 1329 1322
f 1330 1327 1329
f 1328 1327 1330
f 1325 1328 1330
f 1321 1325 1330
f 1321 1330 1322
f 1329 1326 1324
f 1329 1324 1323
f 1326 1329 1327

o geometry_146
usemtl material_1
v 4.65000000 10.40000000 0.00000000
v 5.85000000 10.40000000 0.00000000
v 5.85000000 10.40000000 -0.25000000
v 4.65000000 10.40000000 -0.25000000
v 4.65000000 10.45000000 0.00000000
v 5.85000000 10.45000000 0.00000000
v 5.85000000 10.45000000 -0.25000000
v 4.65000000 10.45000000 -0.25000000
f 1331 1332 1333
f 1331 1333 1334
f 1335 1337 1336
f 1335 1338 1337
f 1331 1335 1336
f 1331 1336 1332
f 1333 1337 1338
f 1333 1338 1334
f 1331 1334 1338
f 1331 1338 1335
f 1332 1336 1337
f 1332 1337 1333

o geometry_147
usemtl material_1
v 4.65000000 11.85000000 0.00000000
v 5.85000000 11.85000000 0.00000000
v 5.85000000 11.85000000 -0.25000000
v 4.65000000 11.85000000 -0.25000000
v 4.65000000 11.90000000 0.00000000
v 5.85000000 11.90000000 0.00000000
v 5.85000000 11.90000000 -0.25000000
v 4.65000000 11.90000000 -0.25000000
f 1339 1340 1341
f 1339 1341 1342
f 1343 1345 1344
f 1343 1346 1345
f 1339 1343 1344
f 1339 1344 1340
f 1341 1345 1346
f 1341 1346 1342
f 1339 1342 1346
f 1339 1346 1343
f 1340 1344 1345
f 1340 1345 1341

o geometry_148
usemtl material_1
v 4.65000000 10.40000000 0.00000000
v 4.70000000 10.40000000 0.00000000
v 4.70000000 10.40000000 -0.25000000
v 4.65000000 10.40000000 -0.25000000
v 4.65000000 11.90000000 0.00000000
v 4.70000000 11.90000000 0.00000000
v 4.70000000 11.90000000 -0.25000000
v 4.65000000 11.90000000 -0.25000000
f 1347 1348 1349
f 1347 1349 1350
f 1351 1353 1352
f 1351 1354 1353
f 1347 1351 1352
f 1347 1352 1348
f 1349 1353 1354
f 1349 1354 1350
f 1347 1350 1354
f 1347 1354 1351
f 1348 1352 1353
f 1348 1353 1349

o geometry_149
usemtl material_1
v 5.80000000 10.40000000 0.00000000
v 5.85000000 10.40000000 0.00000000
v 5.85000000 10.40000000 -0.25000000
v 5.80000000 10.40000000 -0.25000000
v 5.80000000 11.90000000 0.00000000
v 5.85000000 11.90000000 0.00000000
v 5.85000000 11.90000000 -0.25000000
v 5.80000000 11.90000000 -0.25000000
f 1355 1356 1357
f 1355 1357 1358
f 1359 1361 1360
f 1359 1362 1361
f 1355 1359 1360
f 1355 1360 1356
f 1357 1361 1362
f 1357 1362 1358
f 1355 1358 1362
f 1355 1362 1359
f 1356 1360 1361
f 1356 1361 1357

o geometry_150
usemtl material_1
v 6.15000000 10.40000000 0.00000000
v 7.35000000 10.40000000 0.00000000
v 7.35000000 10.40000000 -0.25000000
v 6.15000000 10.40000000 -0.25000000
v 6.15000000 10.45000000 0.00000000
v 7.35000000 10.45000000 0.00000000
v 7.35000000 10.45000000 -0.25000000
v 6.15000000 10.45000000 -0.25000000
f 1363 1364 1365
f 1363 1365 1366
f 1367 1369 1368
f 1367 1370 1369
f 1363 1367 1368
f 1363 1368 1364
f 1365 1369 1370
f 1365 1370 1366
f 1363 1366 1370
f 1363 1370 1367
f 1364 1368 1369
f 1364 1369 1365

o geometry_151
usemtl material_1
v 6.15000000 11.85000000 0.00000000
v 7.35000000 11.85000000 0.00000000
v 7.35000000 11.85000000 -0.25000000
v 6.15000000 11.85000000 -0.25000000
v 6.15000000 11.90000000 0.00000000
v 7.35000000 11.90000000 0.00000000
v 7.35000000 11.90000000 -0.25000000
v 6.15000000 11.90000000 -0.25000000
f 1371 1372 1373
f 1371 1373 1374
f 1375 1377 1376
f 1375 1378 1377
f 1371 1375 1376
f 1371 1376 1372
f 1373 1377 1378
f 1373 1378 1374
f 1371 1374 1378
f 1371 1378 1375
f 1372 1376 1377
f 1372 1377 1373

o geometry_152
usemtl material_1
v 6.15000000 10.40000000 0.00000000
v 6.20000000 10.40000000 0.00000000
v 6.20000000 10.40000000 -0.25000000
v 6.15000000 10.40000000 -0.25000000
v 6.15000000 11.90000000 0.00000000
v 6.20000000 11.90000000 0.00000000
v 6.20000000 11.90000000 -0.25000000
v 6.15000000 11.90000000 -0.25000000
f 1379 1380 1381
f 1379 1381 1382
f 1383 1385 1384
f 1383 1386 1385
f 1379 1383 1384
f 1379 1384 1380
f 1381 1385 1386
f 1381 1386 1382
f 1379 1382 1386
f 1379 1386 1383
f 1380 1384 1385
f 1380 1385 1381

o geometry_153
usemtl material_1
v 7.30000000 10.40000000 0.00000000
v 7.35000000 10.40000000 0.00000000
v 7.35000000 10.40000000 -0.25000000
v 7.30000000 10.40000000 -0.25000000
v 7.30000000 11.90000000 0.00000000
v 7.35000000 11.90000000 0.00000000
v 7.35000000 11.90000000 -0.25000000
v 7.30000000 11.90000000 -0.25000000
f 1387 1388 1389
f 1387 1389 1390
f 1391 1393 1392
f 1391 1394 1393
f 1387 1391 1392
f 1387 1392 1388
f 1389 1393 1394
f 1389 1394 1390
f 1387 1390 1394
f 1387 1394 1391
f 1388 1392 1393
f 1388 1393 1389

o geometry_154
usemtl material_4
v 4.65000000 10.40000000 -0.15000000
v 4.70000000 10.40000000 -0.15000000
v 4.70000000 10.40000000 -0.23000000
v 4.65000000 10.40000000 -0.23000000
v 4.65000000 11.90000000 -0.15000000
v 4.70000000 11.90000000 -0.15000000
v 4.70000000 11.90000000 -0.23000000
v 4.65000000 11.90000000 -0.23000000
f 1395 1396 1397
f 1395 1397 1398
f 1399 1401 1400
f 1399 1402 1401
f 1395 1399 1400
f 1395 1400 1396
f 1397 1401 1402
f 1397 1402 1398
f 1395 1398 1402
f 1395 1402 1399
f 1396 1400 1401
f 1396 1401 1397

o geometry_155
usemtl material_4
v 5.80000000 10.40000000 -0.15000000
v 5.85000000 10.40000000 -0.15000000
v 5.85000000 10.40000000 -0.23000000
v 5.80000000 10.40000000 -0.23000000
v 5.80000000 11.90000000 -0.15000000
v 5.85000000 11.90000000 -0.15000000
v 5.85000000 11.90000000 -0.23000000
v 5.80000000 11.90000000 -0.23000000
f 1403 1404 1405
f 1403 1405 1406
f 1407 1409 1408
f 1407 1410 1409
f 1403 1407 1408
f 1403 1408 1404
f 1405 1409 1410
f 1405 1410 1406
f 1403 1406 1410
f 1403 1410 1407
f 1404 1408 1409
f 1404 1409 1405

o geometry_156
usemtl material_4
v 4.65000000 11.85000000 -0.15000000
v 5.85000000 11.85000000 -0.15000000
v 5.85000000 11.85000000 -0.23000000
v 4.65000000 11.85000000 -0.23000000
v 4.65000000 11.90000000 -0.15000000
v 5.85000000 11.90000000 -0.15000000
v 5.85000000 11.90000000 -0.23000000
v 4.65000000 11.90000000 -0.23000000
f 1411 1412 1413
f 1411 1413 1414
f 1415 1417 1416
f 1415 1418 1417
f 1411 1415 1416
f 1411 1416 1412
f 1413 1417 1418
f 1413 1418 1414
f 1411 1414 1418
f 1411 1418 1415
f 1412 1416 1417
f 1412 1417 1413

o geometry_157
usemtl material_4
v 4.65000000 10.40000000 -0.15000000
v 5.85000000 10.40000000 -0.15000000
v 5.85000000 10.40000000 -0.23000000
v 4.65000000 10.40000000 -0.23000000
v 4.65000000 10.45000000 -0.15000000
v 5.85000000 10.45000000 -0.15000000
v 5.85000000 10.45000000 -0.23000000
v 4.65000000 10.45000000 -0.23000000
f 1419 1420 1421
f 1419 1421 1422
f 1423 1425 1424
f 1423 1426 1425
f 1419 1423 1424
f 1419 1424 1420
f 1421 1425 1426
f 1421 1426 1422
f 1419 1422 1426
f 1419 1426 1423
f 1420 1424 1425
f 1420 1425 1421

o geometry_158
usemtl material_2
v 4.70000000 10.45000000 -0.18000000
v 5.80000000 10.45000000 -0.18000000
v 5.80000000 10.45000000 -0.20000000
v 4.70000000 10.45000000 -0.20000000
v 4.70000000 11.85000000 -0.18000000
v 5.80000000 11.85000000 -0.18000000
v 5.80000000 11.85000000 -0.20000000
v 4.70000000 11.85000000 -0.20000000
f 1427 1428 1429
f 1427 1429 1430
f 1431 1433 1432
f 1431 1434 1433
f 1427 1431 1432
f 1427 1432 1428
f 1429 1433 1434
f 1429 1434 1430
f 1427 1430 1434
f 1427 1434 1431
f 1428 1432 1433
f 1428 1433 1429

o geometry_159
usemtl material_4
v 6.15000000 10.40000000 -0.15000000
v 6.20000000 10.40000000 -0.15000000
v 6.20000000 10.40000000 -0.23000000
v 6.15000000 10.40000000 -0.23000000
v 6.15000000 11.90000000 -0.15000000
v 6.20000000 11.90000000 -0.15000000
v 6.20000000 11.90000000 -0.23000000
v 6.15000000 11.90000000 -0.23000000
f 1435 1436 1437
f 1435 1437 1438
f 1439 1441 1440
f 1439 1442 1441
f 1435 1439 1440
f 1435 1440 1436
f 1437 1441 1442
f 1437 1442 1438
f 1435 1438 1442
f 1435 1442 1439
f 1436 1440 1441
f 1436 1441 1437

o geometry_160
usemtl material_4
v 7.30000000 10.40000000 -0.15000000
v 7.35000000 10.40000000 -0.15000000
v 7.35000000 10.40000000 -0.23000000
v 7.30000000 10.40000000 -0.23000000
v 7.30000000 11.90000000 -0.15000000
v 7.35000000 11.90000000 -0.15000000
v 7.35000000 11.90000000 -0.23000000
v 7.30000000 11.90000000 -0.23000000
f 1443 1444 1445
f 1443 1445 1446
f 1447 1449 1448
f 1447 1450 1449
f 1443 1447 1448
f 1443 1448 1444
f 1445 1449 1450
f 1445 1450 1446
f 1443 1446 1450
f 1443 1450 1447
f 1444 1448 1449
f 1444 1449 1445

o geometry_161
usemtl material_4
v 6.15000000 11.85000000 -0.15000000
v 7.35000000 11.85000000 -0.15000000
v 7.35000000 11.85000000 -0.23000000
v 6.15000000 11.85000000 -0.23000000
v 6.15000000 11.90000000 -0.15000000
v 7.35000000 11.90000000 -0.15000000
v 7.35000000 11.90000000 -0.23000000
v 6.15000000 11.90000000 -0.23000000
f 1451 1452 1453
f 1451 1453 1454
f 1455 1457 1456
f 1455 1458 1457
f 1451 1455 1456
f 1451 1456 1452
f 1453 1457 1458
f 1453 1458 1454
f 1451 1454 1458
f 1451 1458 1455
f 1452 1456 1457
f 1452 1457 1453

o geometry_162
usemtl material_4
v 6.15000000 10.40000000 -0.15000000
v 7.35000000 10.40000000 -0.15000000
v 7.35000000 10.40000000 -0.23000000
v 6.15000000 10.40000000 -0.23000000
v 6.15000000 10.45000000 -0.15000000
v 7.35000000 10.45000000 -0.15000000
v 7.35000000 10.45000000 -0.23000000
v 6.15000000 10.45000000 -0.23000000
f 1459 1460 1461
f 1459 1461 1462
f 1463 1465 1464
f 1463 1466 1465
f 1459 1463 1464
f 1459 1464 1460
f 1461 1465 1466
f 1461 1466 1462
f 1459 1462 1466
f 1459 1466 1463
f 1460 1464 1465
f 1460 1465 1461

o geometry_163
usemtl material_2
v 6.20000000 10.45000000 -0.18000000
v 7.30000000 10.45000000 -0.18000000
v 7.30000000 10.45000000 -0.20000000
v 6.20000000 10.45000000 -0.20000000
v 6.20000000 11.85000000 -0.18000000
v 7.30000000 11.85000000 -0.18000000
v 7.30000000 11.85000000 -0.20000000
v 6.20000000 11.85000000 -0.20000000
f 1467 1468 1469
f 1467 1469 1470
f 1471 1473 1472
f 1471 1474 1473
f 1467 1471 1472
f 1467 1472 1468
f 1469 1473 1474
f 1469 1474 1470
f 1467 1470 1474
f 1467 1474 1471
f 1468 1472 1473
f 1468 1473 1469

o tmpeovrlwuk.stl
usemtl material_5
v 8.00000000 9.60000038 -8.00000000
v 8.00000000 9.60000038 0.00000000
v 4.00000000 9.60000038 0.00000000
v 4.00000000 9.60000038 -8.00000000
v 8.00000000 12.60000038 0.00000000
v 8.00000000 12.60000038 -8.00000000
v 4.00000000 12.60000038 0.00000000
v 4.00000000 12.60000038 -8.00000000
v 6.15000010 11.89999962 0.00000000
v 7.06666565 11.89999962 0.00000000
v 5.06666565 10.39999962 0.00000000
v 4.65000010 10.39999962 0.00000000
v 4.65000010 11.89999962 0.00000000
v 5.84999990 10.98750019 0.00000000
v 6.15000010 11.21250057 0.00000000
v 5.84999990 11.89999962 0.00000000
v 5.84999990 10.39999962 0.00000000
v 7.34999990 11.89999962 0.00000000
v 7.34999990 10.39999962 0.00000000
v 6.15000010 10.39999962 0.00000000
v 5.84999990 10.39999962 -0.50000000
v 4.65000010 10.39999962 -0.50000000
v 5.84999990 11.89999962 -0.50000000
v 4.65000010 11.89999962 -0.50000000
v 7.34999990 10.39999962 -0.50000000
v 6.15000010 10.39999962 -0.50000000
v 7.34999990 11.89999962 -0.50000000
v 6.15000010 11.89999962 -0.50000000
f 1475 1476 1477
f 1478 1475 1477
f 1479 1480 1481
f 1480 1482 1481
f 1483 1484 1479
f 1477 1485 1486
f 1477 1486 1487
f 1483 1479 1481
f 1488 1489 1483
f 1490 1488 1483
f 1481 1477 1487
f 1490 1483 1481
f 1481 1487 1490
f 1489 1488 1491
f 1491 1485 1477
f 1479 1484 1492
f 1479 1492 1493
f 1491 1477 1476
f 1494 1489 1491
f 1476 1479 1493
f 1494 1491 1476
f 1476 1493 1494
f 1482 1480 1475
f 1478 1482 1475
f 1482 1478 1477
f 1481 1482 1477
f 1480 1479 1476
f 1475 1480 1476
f 1491 1495 1486
f 1491 1486 1485
f 1496 1486 1495
f 1487 1497 1490
f 1498 1497 1487
f 1498 1495 1497
f 1496 1495 1498
f 1486 1496 1498
f 1487 1486 1498
f 1497 1491 1488
f 1497 1488 1490
f 1491 1497 1495
f 1494 1493 1499
f 1500 1494 1499
f 1483 1501 1492
f 1483 1492 1484
f 1502 1501 1483
f 1502 1499 1501
f 1500 1499 1502
f 1494 1500 1502
f 1489 1494 1502
f 1489 1502 1483
f 1492 1501 1493
f 1493 1501 1499

o geometry_165
usemtl material_1
v 9.40000000 10.40000000 0.00000000
v 10.60000000 10.40000000 0.00000000
v 10.60000000 10.40000000 -0.25000000
v 9.40000000 10.40000000 -0.25000000
v 9.40000000 10.45000000 0.00000000
v 10.60000000 10.45000000 0.00000000
v 10.60000000 10.45000000 -0.25000000
v 9.40000000 10.45000000 -0.25000000
f 1503 1504 1505
f 1503 1505 1506
f 1507 1509 1508
f 1507 1510 1509
f 1503 1507 1508
f 1503 1508 1504
f 1505 1509 1510
f 1505 1510 1506
f 1503 1506 1510
f 1503 1510 1507
f 1504 1508 1509
f 1504 1509 1505

o geometry_166
usemtl material_1
v 9.40000000 11.85000000 0.00000000
v 10.60000000 11.85000000 0.00000000
v 10.60000000 11.85000000 -0.25000000
v 9.40000000 11.85000000 -0.25000000
v 9.40000000 11.90000000 0.00000000
v 10.60000000 11.90000000 0.00000000
v 10.60000000 11.90000000 -0.25000000
v 9.40000000 11.90000000 -0.25000000
f 1511 1512 1513
f 1511 1513 1514
f 1515 1517 1516
f 1515 1518 1517
f 1511 1515 1516
f 1511 1516 1512
f 1513 1517 1518
f 1513 1518 1514
f 1511 1514 1518
f 1511 1518 1515
f 1512 1516 1517
f 1512 1517 1513

o geometry_167
usemtl material_1
v 9.40000000 10.40000000 0.00000000
v 9.45000000 10.40000000 0.00000000
v 9.45000000 10.40000000 -0.25000000
v 9.40000000 10.40000000 -0.25000000
v 9.40000000 11.90000000 0.00000000
v 9.45000000 11.90000000 0.00000000
v 9.45000000 11.90000000 -0.25000000
v 9.40000000 11.90000000 -0.25000000
f 1519 1520 1521
f 1519 1521 1522
f 1523 1525 1524
f 1523 1526 1525
f 1519 1523 1524
f 1519 1524 1520
f 1521 1525 1526
f 1521 1526 1522
f 1519 1522 1526
f 1519 1526 1523
f 1520 1524 1525
f 1520 1525 1521

o geometry_168
usemtl material_1
v 10.55000000 10.40000000 0.00000000
v 10.60000000 10.40000000 0.00000000
v 10.60000000 10.40000000 -0.25000000
v 10.55000000 10.40000000 -0.25000000
v 10.55000000 11.90000000 0.00000000
v 10.60000000 11.90000000 0.00000000
v 10.60000000 11.90000000 -0.25000000
v 10.55000000 11.90000000 -0.25000000
f 1527 1528 1529
f 1527 1529 1530
f 1531 1533 1532
f 1531 1534 1533
f 1527 1531 1532
f 1527 1532 1528
f 1529 1533 1534
f 1529 1534 1530
f 1527 1530 1534
f 1527 1534 1531
f 1528 1532 1533
f 1528 1533 1529

o geometry_169
usemtl material_4
v 9.40000000 10.40000000 -0.15000000
v 9.45000000 10.40000000 -0.15000000
v 9.45000000 10.40000000 -0.23000000
v 9.40000000 10.40000000 -0.23000000
v 9.40000000 11.90000000 -0.15000000
v 9.45000000 11.90000000 -0.15000000
v 9.45000000 11.90000000 -0.23000000
v 9.40000000 11.90000000 -0.23000000
f 1535 1536 1537
f 1535 1537 1538
f 1539 1541 1540
f 1539 1542 1541
f 1535 1539 1540
f 1535 1540 1536
f 1537 1541 1542
f 1537 1542 1538
f 1535 1538 1542
f 1535 1542 1539
f 1536 1540 1541
f 1536 1541 1537

o geometry_170
usemtl material_4
v 10.55000000 10.40000000 -0.15000000
v 10.60000000 10.40000000 -0.15000000
v 10.60000000 10.40000000 -0.23000000
v 10.55000000 10.40000000 -0.23000000
v 10.55000000 11.90000000 -0.15000000
v 10.60000000 11.90000000 -0.15000000
v 10.60000000 11.90000000 -0.23000000
v 10.55000000 11.90000000 -0.23000000
f 1543 1544 1545
f 1543 1545 1546
f 1547 1549 1548
f 1547 1550 1549
f 1543 1547 1548
f 1543 1548 1544
f 1545 1549 1550
f 1545 1550 1546
f 1543 1546 1550
f 1543 1550 1547
f 1544 1548 1549
f 1544 1549 1545

o geometry_171
usemtl material_4
v 9.40000000 11.85000000 -0.15000000
v 10.60000000 11.85000000 -0.15000000
v 10.60000000 11.85000000 -0.23000000
v 9.40000000 11.85000000 -0.23000000
v 9.40000000 11.90000000 -0.15000000
v 10.60000000 11.90000000 -0.15000000
v 10.60000000 11.90000000 -0.23000000
v 9.40000000 11.90000000 -0.23000000
f 1551 1552 1553
f 1551 1553 1554
f 1555 1557 1556
f 1555 1558 1557
f 1551 1555 1556
f 1551 1556 1552
f 1553 1557 1558
f 1553 1558 1554
f 1551 1554 1558
f 1551 1558 1555
f 1552 1556 1557
f 1552 1557 1553

o geometry_172
usemtl material_4
v 9.40000000 10.40000000 -0.15000000
v 10.60000000 10.40000000 -0.15000000
v 10.60000000 10.40000000 -0.23000000
v 9.40000000 10.40000000 -0.23000000
v 9.40000000 10.45000000 -0.15000000
v 10.60000000 10.45000000 -0.15000000
v 10.60000000 10.45000000 -0.23000000
v 9.40000000 10.45000000 -0.23000000
f 1559 1560 1561
f 1559 1561 1562
f 1563 1565 1564
f 1563 1566 1565
f 1559 1563 1564
f 1559 1564 1560
f 1561 1565 1566
f 1561 1566 1562
f 1559 1562 1566
f 1559 1566 1563
f 1560 1564 1565
f 1560 1565 1561

o geometry_173
usemtl material_2
v 9.45000000 10.45000000 -0.18000000
v 10.55000000 10.45000000 -0.18000000
v 10.55000000 10.45000000 -0.20000000
v 9.45000000 10.45000000 -0.20000000
v 9.45000000 11.85000000 -0.18000000
v 10.55000000 11.85000000 -0.18000000
v 10.55000000 11.85000000 -0.20000000
v 9.45000000 11.85000000 -0.20000000
f 1567 1568 1569
f 1567 1569 1570
f 1571 1573 1572
f 1571 1574 1573
f 1567 1571 1572
f 1567 1572 1568
f 1569 1573 1574
f 1569 1574 1570
f 1567 1570 1574
f 1567 1574 1571
f 1568 1572 1573
f 1568 1573 1569

o tmpx_wlildd.stl
usemtl material_5
v 12.00000000 9.60000038 -8.00000000
v 12.00000000 9.60000038 0.00000000
v 8.00000000 9.60000038 0.00000000
v 8.00000000 9.60000038 -8.00000000
v 12.00000000 12.60000038 0.00000000
v 12.00000000 12.60000038 -8.00000000
v 8.00000000 12.60000038 0.00000000
v 8.00000000 12.60000038 -8.00000000
v 9.39999962 10.64999962 0.00000000
v 9.39999962 11.89999962 0.00000000
v 10.60000038 11.89999962 0.00000000
v 10.60000038 11.55000114 0.00000000
v 9.39999962 10.39999962 0.00000000
v 10.60000038 10.39999962 0.00000000
v 10.60000038 10.39999962 -0.50000000
v 9.39999962 10.39999962 -0.50000000
v 10.60000038 11.89999962 -0.50000000
v 9.39999962 11.89999962 -0.50000000
f 1575 1576 1577
f 1578 1575 1577
f 1579 1580 1581
f 1580 1582 1581
f 1581 1577 1583
f 1581 1583 1584
f 1585 1586 1579
f 1581 1584 1585
f 1579 1581 1585
f 1587 1583 1577
f 1576 1579 1586
f 1588 1587 1577
f 1576 1586 1588
f 1577 1576 1588
f 1582 1580 1575
f 1578 1582 1575
f 1582 1578 1577
f 1581 1582 1577
f 1580 1579 1576
f 1575 1580 1576
f 1587 1588 1589
f 1590 1587 1589
f 1584 1591 1585
f 1592 1591 1584
f 1592 1589 1591
f 1590 1589 1592
f 1587 1590 1592
f 1583 1587 1592
f 1583 1592 1584
f 1591 1588 1586
f 1591 1586 1585
f 1588 1591 1589

o geometry_175
usemtl material_6
v 8.40000000 9.80000000 0.80000000
v 11.60000000 9.80000000 0.80000000
v 11.60000000 9.80000000 0.00000000
v 8.40000000 9.80000000 0.00000000
v 8.40000000 9.90000000 0.80000000
v 11.60000000 9.90000000 0.80000000
v 11.60000000 9.90000000 0.00000000
v 8.40000000 9.90000000 0.00000000
f 1593 1594 1595
f 1593 1595 1596
f 1597 1599 1598
f 1597 1600 1599
f 1593 1597 1598
f 1593 1598 1594
f 1595 1599 1600
f 1595 1600 1596
f 1593 1596 1600
f 1593 1600 1597
f 1594 1598 1599
f 1594 1599 1595

o geometry_176
usemtl material_7
v 8.40000000 9.90000000 0.80000000
v 11.60000000 9.90000000 0.80000000
v 11.60000000 9.90000000 0.75000000
v 8.40000000 9.90000000 0.75000000
v 8.40000000 10.90000000 0.80000000
v 11.60000000 10.90000000 0.80000000
v 11.60000000 10.90000000 0.75000000
v 8.40000000 10.90000000 0.75000000
f 1601 1602 1603
f 1601 1603 1604
f 1605 1607 1606
f 1605 1608 1607
f 1601 1605 1606
f 1601 1606 1602
f 1603 1607 1608
f 1603 1608 1604
f 1601 1604 1608
f 1601 1608 1605
f 1602 1606 1607
f 1602 1607 1603

o geometry_177
usemtl material_7
v 8.40000000 9.90000000 0.80000000
v 8.45000000 9.90000000 0.80000000
v 8.45000000 9.90000000 0.00000000
v 8.40000000 9.90000000 0.00000000
v 8.40000000 10.90000000 0.80000000
v 8.45000000 10.90000000 0.80000000
v 8.45000000 10.90000000 0.00000000
v 8.40000000 10.90000000 0.00000000
f 1609 1610 1611
f 1609 1611 1612
f 1613 1615 1614
f 1613 1616 1615
f 1609 1613 1614
f 1609 1614 1610
f 1611 1615 1616
f 1611 1616 1612
f 1609 1612 1616
f 1609 1616 1613
f 1610 1614 1615
f 1610 1615 1611

o geometry_178
usemtl material_7
v 11.55000000 9.90000000 0.80000000
v 11.60000000 9.90000000 0.80000000
v 11.60000000 9.90000000 0.00000000
v 11.55000000 9.90000000 0.00000000
v 11.55000000 10.90000000 0.80000000
v 11.60000000 10.90000000 0.80000000
v 11.60000000 10.90000000 0.00000000
v 11.55000000 10.90000000 0.00000000
f 1617 1618 1619
f 1617 1619 1620
f 1621 1623 1622
f 1621 1624 1623
f 1617 1621 1622
f 1617 1622 1618
f 1619 1623 1624
f 1619 1624 1620
f 1617 1620 1624
f 1617 1624 1621
f 1618 1622 1623
f 1618 1623 1619

o geometry_179
usemtl material_1
v 13.40000000 10.40000000 0.00000000
v 14.60000000 10.40000000 0.00000000
v 14.60000000 10.40000000 -0.25000000
v 13.40000000 10.40000000 -0.25000000
v 13.40000000 10.45000000 0.00000000
v 14.60000000 10.45000000 0.00000000
v 14.60000000 10.45000000 -0.25000000
v 13.40000000 10.45000000 -0.25000000
f 1625 1626 1627
f 1625 1627 1628
f 1629 1631 1630
f 1629 1632 1631
f 1625 1629 1630
f 1625 1630 1626
f 1627 1631 1632
f 1627 1632 1628
f 1625 1628 1632
f 1625 1632 1629
f 1626 1630 1631
f 1626 1631 1627

o geometry_180
usemtl material_1
v 13.40000000 11.85000000 0.00000000
v 14.60000000 11.85000000 0.00000000
v 14.60000000 11.85000000 -0.25000000
v 13.40000000 11.85000000 -0.25000000
v 13.40000000 11.90000000 0.00000000
v 14.60000000 11.90000000 0.00000000
v 14.60000000 11.90000000 -0.25000000
v 13.40000000 11.90000000 -0.25000000
f 1633 1634 1635
f 1633 1635 1636
f 1637 1639 1638
f 1637 1640 1639
f 1633 1637 1638
f 1633 1638 1634
f 1635 1639 1640
f 1635 1640 1636
f 1633 1636 1640
f 1633 1640 1637
f 1634 1638 1639
f 1634 1639 1635

o geometry_181
usemtl material_1
v 13.40000000 10.40000000 0.00000000
v 13.45000000 10.40000000 0.00000000
v 13.45000000 10.40000000 -0.25000000
v 13.40000000 10.40000000 -0.25000000
v 13.40000000 11.90000000 0.00000000
v 13.45000000 11.90000000 0.00000000
v 13.45000000 11.90000000 -0.25000000
v 13.40000000 11.90000000 -0.25000000
f 1641 1642 1643
f 1641 1643 1644
f 1645 1647 1646
f 1645 1648 1647
f 1641 1645 1646
f 1641 1646 1642
f 1643 1647 1648
f 1643 1648 1644
f 1641 1644 1648
f 1641 1648 1645
f 1642 1646 1647
f 1642 1647 1643

o geometry_182
usemtl material_1
v 14.55000000 10.40000000 0.00000000
v 14.60000000 10.40000000 0.00000000
v 14.60000000 10.40000000 -0.25000000
v 14.55000000 10.40000000 -0.25000000
v 14.55000000 11.90000000 0.00000000
v 14.60000000 11.90000000 0.00000000
v 14.60000000 11.90000000 -0.25000000
v 14.55000000 11.90000000 -0.25000000
f 1649 1650 1651
f 1649 1651 1652
f 1653 1655 1654
f 1653 1656 1655
f 1649 1653 1654
f 1649 1654 1650
f 1651 1655 1656
f 1651 1656 1652
f 1649 1652 1656
f 1649 1656 1653
f 1650 1654 1655
f 1650 1655 1651

o geometry_183
usemtl material_4
v 13.40000000 10.40000000 -0.15000000
v 13.45000000 10.40000000 -0.15000000
v 13.45000000 10.40000000 -0.23000000
v 13.40000000 10.40000000 -0.23000000
v 13.40000000 11.90000000 -0.15000000
v 13.45000000 11.90000000 -0.15000000
v 13.45000000 11.90000000 -0.23000000
v 13.40000000 11.90000000 -0.23000000
f 1657 1658 1659
f 1657 1659 1660
f 1661 1663 1662
f 1661 1664 1663
f 1657 1661 1662
f 1657 1662 1658
f 1659 1663 1664
f 1659 1664 1660
f 1657 1660 1664
f 1657 1664 1661
f 1658 1662 1663
f 1658 1663 1659

o geometry_184
usemtl material_4
v 14.55000000 10.40000000 -0.15000000
v 14.60000000 10.40000000 -0.15000000
v 14.60000000 10.40000000 -0.23000000
v 14.55000000 10.40000000 -0.23000000
v 14.55000000 11.90000000 -0.15000000
v 14.60000000 11.90000000 -0.15000000
v 14.60000000 11.90000000 -0.23000000
v 14.55000000 11.90000000 -0.23000000
f 1665 1666 1667
f 1665 1667 1668
f 1669 1671 1670
f 1669 1672 1671
f 1665 1669 1670
f 1665 1670 1666
f 1667 1671 1672
f 1667 1672 1668
f 1665 1668 1672
f 1665 1672 1669
f 1666 1670 1671
f 1666 1671 1667

o geometry_185
usemtl material_4
v 13.40000000 11.85000000 -0.15000000
v 14.60000000 11.85000000 -0.15000000
v 14.60000000 11.85000000 -0.23000000
v 13.40000000 11.85000000 -0.23000000
v 13.40000000 11.90000000 -0.15000000
v 14.60000000 11.90000000 -0.15000000
v 14.60000000 11.90000000 -0.23000000
v 13.40000000 11.90000000 -0.23000000
f 1673 1674 1675
f 1673 1675 1676
f 1677 1679 1678
f 1677 1680 1679
f 1673 1677 1678
f 1673 1678 1674
f 1675 1679 1680
f 1675 1680 1676
f 1673 1676 1680
f 1673 1680 1677
f 1674 1678 1679
f 1674 1679 1675

o geometry_186
usemtl material_4
v 13.40000000 10.40000000 -0.15000000
v 14.60000000 10.40000000 -0.15000000
v 14.60000000 10.40000000 -0.23000000
v 13.40000000 10.40000000 -0.23000000
v 13.40000000 10.45000000 -0.15000000
v 14.60000000 10.45000000 -0.15000000
v 14.60000000 10.45000000 -0.23000000
v 13.40000000 10.45000000 -0.23000000
f 1681 1682 1683
f 1681 1683 1684
f 1685 1687 1686
f 1685 1688 1687
f 1681 1685 1686
f 1681 1686 1682
f 1683 1687 1688
f 1683 1688 1684
f 1681 1684 1688
f 1681 1688 1685
f 1682 1686 1687
f 1682 1687 1683

o geometry_187
usemtl material_2
v 13.45000000 10.45000000 -0.18000000
v 14.55000000 10.45000000 -0.18000000
v 14.55000000 10.45000000 -0.20000000
v 13.45000000 10.45000000 -0.20000000
v 13.45000000 11.85000000 -0.18000000
v 14.55000000 11.85000000 -0.18000000
v 14.55000000 11.85000000 -0.20000000
v 13.45000000 11.85000000 -0.20000000
f 1689 1690 1691
f 1689 1691 1692
f 1693 1695 1694
f 1693 1696 1695
f 1689 1693 1694
f 1689 1694 1690
f 1691 1695 1696
f 1691 1696 1692
f 1689 1692 1696
f 1689 1696 1693
f 1690 1694 1695
f 1690 1695 1691

o tmpcto55zxm.stl
usemtl material_5
v 16.00000000 9.60000038 -8.00000000
v 16.00000000 9.60000038 0.00000000
v 12.00000000 9.60000038 0.00000000
v 12.00000000 9.60000038 -8.00000000
v 16.00000000 12.60000038 0.00000000
v 16.00000000 12.60000038 -8.00000000
v 12.00000000 12.60000038 0.00000000
v 12.00000000 12.60000038 -8.00000000
v 13.39999962 10.64999962 0.00000000
v 13.39999962 11.89999962 0.00000000
v 14.60000038 11.89999962 0.00000000
v 14.60000038 11.55000114 0.00000000
v 13.39999962 10.39999962 0.00000000
v 14.60000038 10.39999962 0.00000000
v 14.60000038 10.39999962 -0.50000000
v 13.39999962 10.39999962 -0.50000000
v 14.60000038 11.89999962 -0.50000000
v 13.39999962 11.89999962 -0.50000000
f 1697 1698 1699
f 1700 1697 1699
f 1701 1702 1703
f 1702 1704 1703
f 1703 1699 1705
f 1703 1705 1706
f 1707 1708 1701
f 1703 1706 1707
f 1701 1703 1707
f 1709 1705 1699
f 1698 1701 1708
f 1710 1709 1699
f 1698 1708 1710
f 1699 1698 1710
f 1704 1702 1697
f 1700 1704 1697
f 1704 1700 1699
f 1703 1704 1699
f 1702 1701 1698
f 1697 1702 1698
f 1709 1710 1711
f 1712 1709 1711
f 1706 1713 1707
f 1714 1713 1706
f 1714 1711 1713
f 1712 1711 1714
f 1709 1712 1714
f 1705 1709 1714
f 1705 1714 1706
f 1713 1710 1708
f 1713 1708 1707
f 1710 1713 1711

o geometry_189
usemtl material_1
v 1.40000000 13.40000000 0.00000000
v 2.60000000 13.40000000 0.00000000
v 2.60000000 13.40000000 -0.25000000
v 1.40000000 13.40000000 -0.25000000
v 1.40000000 13.45000000 0.00000000
v 2.60000000 13.45000000 0.00000000
v 2.60000000 13.45000000 -0.25000000
v 1.40000000 13.45000000 -0.25000000
f 1715 1716 1717
f 1715 1717 1718
f 1719 1721 1720
f 1719 1722 1721
f 1715 1719 1720
f 1715 1720 1716
f 1717 1721 1722
f 1717 1722 1718
f 1715 1718 1722
f 1715 1722 1719
f 1716 1720 1721
f 1716 1721 1717

o geometry_190
usemtl material_1
v 1.40000000 14.85000000 0.00000000
v 2.60000000 14.85000000 0.00000000
v 2.60000000 14.85000000 -0.25000000
v 1.40000000 14.85000000 -0.25000000
v 1.40000000 14.90000000 0.00000000
v 2.60000000 14.90000000 0.00000000
v 2.60000000 14.90000000 -0.25000000
v 1.40000000 14.90000000 -0.25000000
f 1723 1724 1725
f 1723 1725 1726
f 1727 1729 1728
f 1727 1730 1729
f 1723 1727 1728
f 1723 1728 1724
f 1725 1729 1730
f 1725 1730 1726
f 1723 1726 1730
f 1723 1730 1727
f 1724 1728 1729
f 1724 1729 1725

o geometry_191
usemtl material_1
v 1.40000000 13.40000000 0.00000000
v 1.45000000 13.40000000 0.00000000
v 1.45000000 13.40000000 -0.25000000
v 1.40000000 13.40000000 -0.25000000
v 1.40000000 14.90000000 0.00000000
v 1.45000000 14.90000000 0.00000000
v 1.45000000 14.90000000 -0.25000000
v 1.40000000 14.90000000 -0.25000000
f 1731 1732 1733
f 1731 1733 1734
f 1735 1737 1736
f 1735 1738 1737
f 1731 1735 1736
f 1731 1736 1732
f 1733 1737 1738
f 1733 1738 1734
f 1731 1734 1738
f 1731 1738 1735
f 1732 1736 1737
f 1732 1737 1733

o geometry_192
usemtl material_1
v 2.55000000 13.40000000 0.00000000
v 2.60000000 13.40000000 0.00000000
v 2.60000000 13.40000000 -0.25000000
v 2.55000000 13.40000000 -0.25000000
v 2.55000000 14.90000000 0.00000000
v 2.60000000 14.90000000 0.00000000
v 2.60000000 14.90000000 -0.25000000
v 2.55000000 14.90000000 -0.25000000
f 1739 1740 1741
f 1739 1741 1742
f 1743 1745 1744
f 1743 1746 1745
f 1739 1743 1744
f 1739 1744 1740
f 1741 1745 1746
f 1741 1746 1742
f 1739 1742 1746
f 1739 1746 1743
f 1740 1744 1745
f 1740 1745 1741

o geometry_193
usemtl material_4
v 1.40000000 13.40000000 -0.15000000
v 1.45000000 13.40000000 -0.15000000
v 1.45000000 13.40000000 -0.23000000
v 1.40000000 13.40000000 -0.23000000
v 1.40000000 14.90000000 -0.15000000
v 1.45000000 14.90000000 -0.15000000
v 1.45000000 14.90000000 -0.23000000
v 1.40000000 14.90000000 -0.23000000
f 1747 1748 1749
f 1747 1749 1750
f 1751 1753 1752
f 1751 1754 1753
f 1747 1751 1752
f 1747 1752 1748
f 1749 1753 1754
f 1749 1754 1750
f 1747 1750 1754
f 1747 1754 1751
f 1748 1752 1753
f 1748 1753 1749

o geometry_194
usemtl material_4
v 2.55000000 13.40000000 -0.15000000
v 2.60000000 13.40000000 -0.15000000
v 2.60000000 13.40000000 -0.23000000
v 2.55000000 13.40000000 -0.23000000
v 2.55000000 14.90000000 -0.15000000
v 2.60000000 14.90000000 -0.15000000
v 2.60000000 14.90000000 -0.23000000
v 2.55000000 14.90000000 -0.23000000
f 1755 1756 1757
f 1755 1757 1758
f 1759 1761 1760
f 1759 1762 1761
f 1755 1759 1760
f 1755 1760 1756
f 1757 1761 1762
f 1757 1762 1758
f 1755 1758 1762
f 1755 1762 1759
f 1756 1760 1761
f 1756 1761 1757

o geometry_195
usemtl material_4
v 1.40000000 14.85000000 -0.15000000
v 2.60000000 14.85000000 -0.15000000
v 2.60000000 14.85000000 -0.23000000
v 1.40000000 14.85000000 -0.23000000
v 1.40000000 14.90000000 -0.15000000
v 2.60000000 14.90000000 -0.15000000
v 2.60000000 14.90000000 -0.23000000
v 1.40000000 14.90000000 -0.23000000
f 1763 1764 1765
f 1763 1765 1766
f 1767 1769 1768
f 1767 1770 1769
f 1763 1767 1768
f 1763 1768 1764
f 1765 1769 1770
f 1765 1770 1766
f 1763 1766 1770
f 1763 1770 1767
f 1764 1768 1769
f 1764 1769 1765

o geometry_196
usemtl material_4
v 1.40000000 13.40000000 -0.15000000
v 2.60000000 13.40000000 -0.15000000
v 2.60000000 13.40000000 -0.23000000
v 1.40000000 13.40000000 -0.23000000
v 1.40000000 13.45000000 -0.15000000
v 2.60000000 13.45000000 -0.15000000
v 2.60000000 13.45000000 -0.23000000
v 1.40000000 13.45000000 -0.23000000
f 1771 1772 1773
f 1771 1773 1774
f 1775 1777 1776
f 1775 1778 1777
f 1771 1775 1776
f 1771 1776 1772
f 1773 1777 1778
f 1773 1778 1774
f 1771 1774 1778
f 1771 1778 1775
f 1772 1776 1777
f 1772 1777 1773

o geometry_197
usemtl material_2
v 1.45000000 13.45000000 -0.18000000
v 2.55000000 13.45000000 -0.18000000
v 2.55000000 13.45000000 -0.20000000
v 1.45000000 13.45000000 -0.20000000
v 1.45000000 14.85000000 -0.18000000
v 2.55000000 14.85000000 -0.18000000
v 2.55000000 14.85000000 -0.20000000
v 1.45000000 14.85000000 -0.20000000
f 1779 1780 1781
f 1779 1781 1782
f 1783 1785 1784
f 1783 1786 1785
f 1779 1783 1784
f 1779 1784 1780
f 1781 1785 1786
f 1781 1786 1782
f 1779 1782 1786
f 1779 1786 1783
f 1780 1784 1785
f 1780 1785 1781

o tmprn65k856.stl
usemtl material_5
v 4.00000000 12.60000038 -8.00000000
v 4.00000000 12.60000038 0.00000000
v 0.00000000 12.60000038 0.00000000
v 0.00000000 12.60000038 -8.00000000
v 4.00000000 15.60000038 0.00000000
v 4.00000000 15.60000038 -8.00000000
v 0.00000000 15.60000038 0.00000000
v 0.00000000 15.60000038 -8.00000000
v 1.39999998 13.65000057 0.00000000
v 1.39999998 14.89999962 0.00000000
v 2.59999990 14.89999962 0.00000000
v 2.59999990 14.55000019 0.00000000
v 1.39999998 13.39999962 0.00000000
v 2.59999990 13.39999962 0.00000000
v 2.59999990 13.39999962 -0.50000000
v 1.39999998 13.39999962 -0.50000000
v 2.59999990 14.89999962 -0.50000000
v 1.39999998 14.89999962 -0.50000000
f 1787 1788 1789
f 1790 1787 1789
f 1791 1792 1793
f 1792 1794 1793
f 1793 1789 1795
f 1793 1795 1796
f 1797 1798 1791
f 1793 1796 1797
f 1791 1793 1797
f 1799 1795 1789
f 1788 1791 1798
f 1800 1799 1789
f 1788 1798 1800
f 1789 1788 1800
f 1794 1792 1787
f 1790 1794 1787
f 1794 1790 1789
f 1793 1794 1789
f 1792 1791 1788
f 1787 1792 1788
f 1799 1800 1801
f 1802 1799 1801
f 1796 1803 1797
f 1804 1803 1796
f 1804 1801 1803
f 1802 1801 1804
f 1799 1802 1804
f 1795 1799 1804
f 1795 1804 1796
f 1803 1800 1798
f 1803 1798 1797
f 1800 1803 1801

o geometry_199
usemtl material_6
v 0.40000000 12.80000000 0.80000000
v 3.60000000 12.80000000 0.80000000
v 3.60000000 12.80000000 0.00000000
v 0.40000000 12.80000000 0.00000000
v 0.40000000 12.90000000 0.80000000
v 3.60000000 12.90000000 0.80000000
v 3.60000000 12.90000000 0.00000000
v 0.40000000 12.90000000 0.00000000
f 1805 1806 1807
f 1805 1807 1808
f 1809 1811 1810
f 1809 1812 1811
f 1805 1809 1810
f 1805 1810 1806
f 1807 1811 1812
f 1807 1812 1808
f 1805 1808 1812
f 1805 1812 1809
f 1806 1810 1811
f 1806 1811 1807

o geometry_200
usemtl material_7
v 0.40000000 12.90000000 0.80000000
v 3.60000000 12.90000000 0.80000000
v 3.60000000 12.90000000 0.75000000
v 0.40000000 12.90000000 0.75000000
v 0.40000000 13.90000000 0.80000000
v 3.60000000 13.90000000 0.80000000
v 3.60000000 13.90000000 0.75000000
v 0.40000000 13.90000000 0.75000000
f 1813 1814 1815
f 1813 1815 1816
f 1817 1819 1818
f 1817 1820 1819
f 1813 1817 1818
f 1813 1818 1814
f 1815 1819 1820
f 1815 1820 1816
f 1813 1816 1820
f 1813 1820 1817
f 1814 1818 1819
f 1814 1819 1815

o geometry_201
usemtl material_7
v 0.40000000 12.90000000 0.80000000
v 0.45000000 12.90000000 0.80000000
v 0.45000000 12.90000000 0.00000000
v 0.40000000 12.90000000 0.00000000
v 0.40000000 13.90000000 0.80000000
v 0.45000000 13.90000000 0.80000000
v 0.45000000 13.90000000 0.00000000
v 0.40000000 13.90000000 0.00000000
f 1821 1822 1823
f 1821 1823 1824
f 1825 1827 1826
f 1825 1828 1827
f 1821 1825 1826
f 1821 1826 1822
f 1823 1827 1828
f 1823 1828 1824
f 1821 1824 1828
f 1821 1828 1825
f 1822 1826 1827
f 1822 1827 1823

o geometry_202
usemtl material_7
v 3.55000000 12.90000000 0.80000000
v 3.60000000 12.90000000 0.80000000
v 3.60000000 12.90000000 0.00000000
v 3.55000000 12.90000000 0.00000000
v 3.55000000 13.90000000 0.80000000
v 3.60000000 13.90000000 0.80000000
v 3.60000000 13.90000000 0.00000000
v 3.55000000 13.90000000 0.00000000
f 1829 1830 1831
f 1829 1831 1832
f 1833 1835 1834
f 1833 1836 1835
f 1829 1833 1834
f 1829 1834 1830
f 1831 1835 1836
f 1831 1836 1832
f 1829 1832 1836
f 1829 1836 1833
f 1830 1834 1835
f 1830 1835 1831

o geometry_203
usemtl material_1
v 5.40000000 13.40000000 0.00000000
v 6.60000000 13.40000000 0.00000000
v 6.60000000 13.40000000 -0.25000000
v 5.40000000 13.40000000 -0.25000000
v 5.40000000 13.45000000 0.00000000
v 6.60000000 13.45000000 0.00000000
v 6.60000000 13.45000000 -0.25000000
v 5.40000000 13.45000000 -0.25000000
f 1837 1838 1839
f 1837 1839 1840
f 1841 1843 1842
f 1841 1844 1843
f 1837 1841 1842
f 1837 1842 1838
f 1839 1843 1844
f 1839 1844 1840
f 1837 1840 1844
f 1837 1844 1841
f 1838 1842 1843
f 1838 1843 1839

o geometry_204
usemtl material_1
v 5.40000000 14.85000000 0.00000000
v 6.60000000 14.85000000 0.00000000
v 6.60000000 14.85000000 -0.25000000
v 5.40000000 14.85000000 -0.25000000
v 5.40000000 14.90000000 0.00000000
v 6.60000000 14.90000000 0.00000000
v 6.60000000 14.90000000 -0.25000000
v 5.40000000 14.90000000 -0.25000000
f 1845 1846 1847
f 1845 1847 1848
f 1849 1851 1850
f 1849 1852 1851
f 1845 1849 1850
f 1845 1850 1846
f 1847 1851 1852
f 1847 1852 1848
f 1845 1848 1852
f 1845 1852 1849
f 1846 1850 1851
f 1846 1851 1847

o geometry_205
usemtl material_1
v 5.40000000 13.40000000 0.00000000
v 5.45000000 13.40000000 0.00000000
v 5.45000000 13.40000000 -0.25000000
v 5.40000000 13.40000000 -0.25000000
v 5.40000000 14.90000000 0.00000000
v 5.45000000 14.90000000 0.00000000
v 5.45000000 14.90000000 -0.25000000
v 5.40000000 14.90000000 -0.25000000
f 1853 1854 1855
f 1853 1855 1856
f 1857 1859 1858
f 1857 1860 1859
f 1853 1857 1858
f 1853 1858 1854
f 1855 1859 1860
f 1855 1860 1856
f 1853 1856 1860
f 1853 1860 1857
f 1854 1858 1859
f 1854 1859 1855

o geometry_206
usemtl material_1
v 6.55000000 13.40000000 0.00000000
v 6.60000000 13.40000000 0.00000000
v 6.60000000 13.40000000 -0.25000000
v 6.55000000 13.40000000 -0.25000000
v 6.55000000 14.90000000 0.00000000
v 6.60000000 14.90000000 0.00000000
v 6.60000000 14.90000000 -0.25000000
v 6.55000000 14.90000000 -0.25000000
f 1861 1862 1863
f 1861 1863 1864
f 1865 1867 1866
f 1865 1868 1867
f 1861 1865 1866
f 1861 1866 1862
f 1863 1867 1868
f 1863 1868 1864
f 1861 1864 1868
f 1861 1868 1865
f 1862 1866 1867
f 1862 1867 1863

o geometry_207
usemtl material_4
v 5.40000000 13.40000000 -0.15000000
v 5.45000000 13.40000000 -0.15000000
v 5.45000000 13.40000000 -0.23000000
v 5.40000000 13.40000000 -0.23000000
v 5.40000000 14.90000000 -0.15000000
v 5.45000000 14.90000000 -0.15000000
v 5.45000000 14.90000000 -0.23000000
v 5.40000000 14.90000000 -0.23000000
f 1869 1870 1871
f 1869 1871 1872
f 1873 1875 1874
f 1873 1876 1875
f 1869 1873 1874
f 1869 1874 1870
f 1871 1875 1876
f 1871 1876 1872
f 1869 1872 1876
f 1869 1876 1873
f 1870 1874 1875
f 1870 1875 1871

o geometry_208
usemtl material_4
v 6.55000000 13.40000000 -0.15000000
v 6.60000000 13.40000000 -0.15000000
v 6.60000000 13.40000000 -0.23000000
v 6.55000000 13.40000000 -0.23000000
v 6.55000000 14.90000000 -0.15000000
v 6.60000000 14.90000000 -0.15000000
v 6.60000000 14.90000000 -0.23000000
v 6.55000000 14.90000000 -0.23000000
f 1877 1878 1879
f 1877 1879 1880
f 1881 1883 1882
f 1881 1884 1883
f 1877 1881 1882
f 1877 1882 1878
f 1879 1883 1884
f 1879 1884 1880
f 1877 1880 1884
f 1877 1884 1881
f 1878 1882 1883
f 1878 1883 1879

o geometry_209
usemtl material_4
v 5.40000000 14.85000000 -0.15000000
v 6.60000000 14.85000000 -0.15000000
v 6.60000000 14.85000000 -0.23000000
v 5.40000000 14.85000000 -0.23000000
v 5.40000000 14.90000000 -0.15000000
v 6.60000000 14.90000000 -0.15000000
v 6.60000000 14.90000000 -0.23000000
v 5.40000000 14.90000000 -0.23000000
f 1885 1886 1887
f 1885 1887 1888
f 1889 1891 1890
f 1889 1892 1891
f 1885 1889 1890
f 1885 1890 1886
f 1887 1891 1892
f 1887 1892 1888
f 1885 1888 1892
f 1885 1892 1889
f 1886 1890 1891
f 1886 1891 1887

o geometry_210
usemtl material_4
v 5.40000000 13.40000000 -0.15000000
v 6.60000000 13.40000000 -0.15000000
v 6.60000000 13.40000000 -0.23000000
v 5.40000000 13.40000000 -0.23000000
v 5.40000000 13.45000000 -0.15000000
v 6.60000000 13.45000000 -0.15000000
v 6.60000000 13.45000000 -0.23000000
v 5.40000000 13.45000000 -0.23000000
f 1893 1894 1895
f 1893 1895 1896
f 1897 1899 1898
f 1897 1900 1899
f 1893 1897 1898
f 1893 1898 1894
f 1895 1899 1900
f 1895 1900 1896
f 1893 1896 1900
f 1893 1900 1897
f 1894 1898 1899
f 1894 1899 1895

o geometry_211
usemtl material_2
v 5.45000000 13.45000000 -0.18000000
v 6.55000000 13.45000000 -0.18000000
v 6.55000000 13.45000000 -0.20000000
v 5.45000000 13.45000000 -0.20000000
v 5.45000000 14.85000000 -0.18000000
v 6.55000000 14.85000000 -0.18000000
v 6.55000000 14.85000000 -0.20000000
v 5.45000000 14.85000000 -0.20000000
f 1901 1902 1903
f 1901 1903 1904
f 1905 1907 1906
f 1905 1908 1907
f 1901 1905 1906
f 1901 1906 1902
f 1903 1907 1908
f 1903 1908 1904
f 1901 1904 1908
f 1901 1908 1905
f 1902 1906 1907
f 1902 1907 1903

o tmpxlwtdkw8.stl
usemtl material_5
v 8.00000000 12.60000038 -8.00000000
v 8.00000000 12.60000038 0.00000000
v 4.00000000 12.60000038 0.00000000
v 4.00000000 12.60000038 -8.00000000
v 8.00000000 15.60000038 0.00000000
v 8.00000000 15.60000038 -8.00000000
v 4.00000000 15.60000038 0.00000000
v 4.00000000 15.60000038 -8.00000000
v 5.40000010 13.65000057 0.00000000
v 5.40000010 14.89999962 0.00000000
v 6.59999990 14.89999962 0.00000000
v 6.59999990 14.55000019 0.00000000
v 5.40000010 13.39999962 0.00000000
v 6.59999990 13.39999962 0.00000000
v 6.59999990 13.39999962 -0.50000000
v 5.40000010 13.39999962 -0.50000000
v 6.59999990 14.89999962 -0.50000000
v 5.40000010 14.89999962 -0.50000000
f 1909 1910 1911
f 1912 1909 1911
f 1913 1914 1915
f 1914 1916 1915
f 1915 1911 1917
f 1915 1917 1918
f 1919 1920 1913
f 1915 1918 1919
f 1913 1915 1919
f 1921 1917 1911
f 1910 1913 1920
f 1922 1921 1911
f 1910 1920 1922
f 1911 1910 1922
f 1916 1914 1909
f 1912 1916 1909
f 1916 1912 1911
f 1915 1916 1911
f 1914 1913 1910
f 1909 1914 1910
f 1921 1922 1923
f 1924 1921 1923
f 1918 1925 1919
f 1926 1925 1918
f 1926 1923 1925
f 1924 1923 1926
f 1921 1924 1926
f 1917 1921 1926
f 1917 1926 1918
f 1925 1922 1920
f 1925 1920 1919
f 1922 1925 1923

o geometry_213
usemtl material_1
v 8.65000000 13.40000000 0.00000000
v 9.85000000 13.40000000 0.00000000
v 9.85000000 13.40000000 -0.25000000
v 8.65000000 13.40000000 -0.25000000
v 8.65000000 13.45000000 0.00000000
v 9.85000000 13.45000000 0.00000000
v 9.85000000 13.45000000 -0.25000000
v 8.65000000 13.45000000 -0.25000000
f 1927 1928 1929
f 1927 1929 1930
f 1931 1933 1932
f 1931 1934 1933
f 1927 1931 1932
f 1927 1932 1928
f 1929 1933 1934
f 1929 1934 1930
f 1927 1930 1934
f 1927 1934 1931
f 1928 1932 1933
f 1928 1933 1929

o geometry_214
usemtl material_1
v 8.65000000 14.85000000 0.00000000
v 9.85000000 14.85000000 0.00000000
v 9.85000000 14.85000000 -0.25000000
v 8.65000000 14.85000000 -0.25000000
v 8.65000000 14.90000000 0.00000000
v 9.85000000 14.90000000 0.00000000
v 9.85000000 14.90000000 -0.25000000
v 8.65000000 14.90000000 -0.25000000
f 1935 1936 1937
f 1935 1937 1938
f 1939 1941 1940
f 1939 1942 1941
f 1935 1939 1940
f 1935 1940 1936
f 1937 1941 1942
f 1937 1942 1938
f 1935 1938 1942
f 1935 1942 1939
f 1936 1940 1941
f 1936 1941 1937

o geometry_215
usemtl material_1
v 8.65000000 13.40000000 0.00000000
v 8.70000000 13.40000000 0.00000000
v 8.70000000 13.40000000 -0.25000000
v 8.65000000 13.40000000 -0.25000000
v 8.65000000 14.90000000 0.00000000
v 8.70000000 14.90000000 0.00000000
v 8.70000000 14.90000000 -0.25000000
v 8.65000000 14.90000000 -0.25000000
f 1943 1944 1945
f 1943 1945 1946
f 1947 1949 1948
f 1947 1950 1949
f 1943 1947 1948
f 1943 1948 1944
f 1945 1949 1950
f 1945 1950 1946
f 1943 1946 1950
f 1943 1950 1947
f 1944 1948 1949
f 1944 1949 1945

o geometry_216
usemtl material_1
v 9.80000000 13.40000000 0.00000000
v 9.85000000 13.40000000 0.00000000
v 9.85000000 13.40000000 -0.25000000
v 9.80000000 13.40000000 -0.25000000
v 9.80000000 14.90000000 0.00000000
v 9.85000000 14.90000000 0.00000000
v 9.85000000 14.90000000 -0.25000000
v 9.80000000 14.90000000 -0.25000000
f 1951 1952 1953
f 1951 1953 1954
f 1955 1957 1956
f 1955 1958 1957
f 1951 1955 1956
f 1951 1956 1952
f 1953 1957 1958
f 1953 1958 1954
f 1951 1954 1958
f 1951 1958 1955
f 1952 1956 1957
f 1952 1957 1953

o geometry_217
usemtl material_1
v 10.15000000 13.40000000 0.00000000
v 11.35000000 13.40000000 0.00000000
v 11.35000000 13.40000000 -0.25000000
v 10.15000000 13.40000000 -0.25000000
v 10.15000000 13.45000000 0.00000000
v 11.35000000 13.45000000 0.00000000
v 11.35000000 13.45000000 -0.25000000
v 10.15000000 13.45000000 -0.25000000
f 1959 1960 1961
f 1959 1961 1962
f 1963 1965 1964
f 1963 1966 1965
f 1959 1963 1964
f 1959 1964 1960
f 1961 1965 1966
f 1961 1966 1962
f 1959 1962 1966
f 1959 1966 1963
f 1960 1964 1965
f 1960 1965 1961

o geometry_218
usemtl material_1
v 10.15000000 14.85000000 0.00000000
v 11.35000000 14.85000000 0.00000000
v 11.35000000 14.85000000 -0.25000000
v 10.15000000 14.85000000 -0.25000000
v 10.15000000 14.90000000 0.00000000
v 11.35000000 14.90000000 0.00000000
v 11.35000000 14.90000000 -0.25000000
v 10.15000000 14.90000000 -0.25000000
f 1967 1968 1969
f 1967 1969 1970
f 1971 1973 1972
f 1971 1974 1973
f 1967 1971 1972
f 1967 1972 1968
f 1969 1973 1974
f 1969 1974 1970
f 1967 1970 1974
f 1967 1974 1971
f 1968 1972 1973
f 1968 1973 1969

o geometry_219
usemtl material_1
v 10.15000000 13.40000000 0.00000000
v 10.20000000 13.40000000 0.00000000
v 10.20000000 13.40000000 -0.25000000
v 10.15000000 13.40000000 -0.25000000
v 10.15000000 14.90000000 0.00000000
v 10.20000000 14.90000000 0.00000000
v 10.20000000 14.90000000 -0.25000000
v 10.15000000 14.90000000 -0.25000000
f 1975 1976 1977
f 1975 1977 1978
f 1979 1981 1980
f 1979 1982 1981
f 1975 1979 1980
f 1975 1980 1976
f 1977 1981 1982
f 1977 1982 1978
f 1975 1978 1982
f 1975 1982 1979
f 1976 1980 1981
f 1976 1981 1977

o geometry_220
usemtl material_1
v 11.30000000 13.40000000 0.00000000
v 11.35000000 13.40000000 0.00000000
v 11.35000000 13.40000000 -0.25000000
v 11.30000000 13.40000000 -0.25000000
v 11.30000000 14.90000000 0.00000000
v 11.35000000 14.90000000 0.00000000
v 11.35000000 14.90000000 -0.25000000
v 11.30000000 14.90000000 -0.25000000
f 1983 1984 1985
f 1983 1985 1986
f 1987 1989 1988
f 1987 1990 1989
f 1983 1987 1988
f 1983 1988 1984
f 1985 1989 1990
f 1985 1990 1986
f 1983 1986 1990
f 1983 1990 1987
f 1984 1988 1989
f 1984 1989 1985

o geometry_221
usemtl material_4
v 8.65000000 13.40000000 -0.15000000
v 8.70000000 13.40000000 -0.15000000
v 8.70000000 13.40000000 -0.23000000
v 8.65000000 13.40000000 -0.23000000
v 8.65000000 14.90000000 -0.15000000
v 8.70000000 14.90000000 -0.15000000
v 8.70000000 14.90000000 -0.23000000
v 8.65000000 14.90000000 -0.23000000
f 1991 1992 1993
f 1991 1993 1994
f 1995 1997 1996
f 1995 1998 1997
f 1991 1995 1996
f 1991 1996 1992
f 1993 1997 1998
f 1993 1998 1994
f 1991 1994 1998
f 1991 1998 1995
f 1992 1996 1997
f 1992 1997 1993

o geometry_222
usemtl material_4
v 9.80000000 13.40000000 -0.15000000
v 9.85000000 13.40000000 -0.15000000
v 9.85000000 13.40000000 -0.23000000
v 9.80000000 13.40000000 -0.23000000
v 9.80000000 14.90000000 -0.15000000
v 9.85000000 14.90000000 -0.15000000
v 9.85000000 14.90000000 -0.23000000
v 9.80000000 14.90000000 -0.23000000
f 1999 2000 2001
f 1999 2001 2002
f 2003 2005 2004
f 2003 2006 2005
f 1999 2003 2004
f 1999 2004 2000
f 2001 2005 2006
f 2001 2006 2002
f 1999 2002 2006
f 1999 2006 2003
f 2000 2004 2005
f 2000 2005 2001

o geometry_223
usemtl material_4
v 8.65000000 14.85000000 -0.15000000
v 9.85000000 14.85000000 -0.15000000
v 9.85000000 14.85000000 -0.23000000
v 8.65000000 14.85000000 -0.23000000
v 8.65000000 14.90000000 -0.15000000
v 9.85000000 14.90000000 -0.15000000
v 9.85000000 14.90000000 -0.23000000
v 8.65000000 14.90000000 -0.23000000
f 2007 2008 2009
f 2007 2009 2010
f 2011 2013 2012
f 2011 2014 2013
f 2007 2011 2012
f 2007 2012 2008
f 2009 2013 2014
f 2009 2014 2010
f 2007 2010 2014
f 2007 2014 2011
f 2008 2012 2013
f 2008 2013 2009

o geometry_224
usemtl material_4
v 8.65000000 13.40000000 -0.15000000
v 9.85000000 13.40000000 -0.15000000
v 9.85000000 13.40000000 -0.23000000
v 8.65000000 13.40000000 -0.23000000
v 8.65000000 13.45000000 -0.15000000
v 9.85000000 13.45000000 -0.15000000
v 9.85000000 13.45000000 -0.23000000
v 8.65000000 13.45000000 -0.23000000
f 2015 2016 2017
f 2015 2017 2018
f 2019 2021 2020
f 2019 2022 2021
f 2015 2019 2020
f 2015 2020 2016
f 2017 2021 2022
f 2017 2022 2018
f 2015 2018 2022
f 2015 2022 2019
f 2016 2020 2021
f 2016 2021 2017

o geometry_225
usemtl material_2
v 8.70000000 13.45000000 -0.18000000
v 9.80000000 13.45000000 -0.18000000
v 9.80000000 13.45000000 -0.20000000
v 8.70000000 13.45000000 -0.20000000
v 8.70000000 14.85000000 -0.18000000
v 9.80000000 14.85000000 -0.18000000
v 9.80000000 14.85000000 -0.20000000
v 8.70000000 14.85000000 -0.20000000
f 2023 2024 2025
f 2023 2025 2026
f 2027 2029 2028
f 2027 2030 2029
f 2023 2027 2028
f 2023 2028 2024
f 2025 2029 2030
f 2025 2030 2026
f 2023 2026 2030
f 2023 2030 2027
f 2024 2028 2029
f 2024 2029 2025

o geometry_226
usemtl material_4
v 10.15000000 13.40000000 -0.15000000
v 10.20000000 13.40000000 -0.15000000
v 10.20000000 13.40000000 -0.23000000
v 10.15000000 13.40000000 -0.23000000
v 10.15000000 14.90000000 -0.15000000
v 10.20000000 14.90000000 -0.15000000
v 10.20000000 14.90000000 -0.23000000
v 10.15000000 14.90000000 -0.23000000
f 2031 2032 2033
f 2031 2033 2034
f 2035 2037 2036
f 2035 2038 2037
f 2031 2035 2036
f 2031 2036 2032
f 2033 2037 2038
f 2033 2038 2034
f 2031 2034 2038
f 2031 2038 2035
f 2032 2036 2037
f 2032 2037 2033

o geometry_227
usemtl material_4
v 11.30000000 13.40000000 -0.15000000
v 11.35000000 13.40000000 -0.15000000
v 11.35000000 13.40000000 -0.23000000
v 11.30000000 13.40000000 -0.23000000
v 11.30000000 14.90000000 -0.15000000
v 11.35000000 14.90000000 -0.15000000
v 11.35000000 14.90000000 -0.23000000
v 11.30000000 14.90000000 -0.23000000
f 2039 2040 2041
f 2039 2041 2042
f 2043 2045 2044
f 2043 2046 2045
f 2039 2043 2044
f 2039 2044 2040
f 2041 2045 2046
f 2041 2046 2042
f 2039 2042 2046
f 2039 2046 2043
f 2040 2044 2045
f 2040 2045 2041

o geometry_228
usemtl material_4
v 10.15000000 14.85000000 -0.15000000
v 11.35000000 14.85000000 -0.15000000
v 11.35000000 14.85000000 -0.23000000
v 10.15000000 14.85000000 -0.23000000
v 10.15000000 14.90000000 -0.15000000
v 11.35000000 14.90000000 -0.15000000
v 11.35000000 14.90000000 -0.23000000
v 10.15000000 14.90000000 -0.23000000
f 2047 2048 2049
f 2047 2049 2050
f 2051 2053 2052
f 2051 2054 2053
f 2047 2051 2052
f 2047 2052 2048
f 2049 2053 2054
f 2049 2054 2050
f 2047 2050 2054
f 2047 2054 2051
f 2048 2052 2053
f 2048 2053 2049

o geometry_229
usemtl material_4
v 10.15000000 13.40000000 -0.15000000
v 11.35000000 13.40000000 -0.15000000
v 11.35000000 13.40000000 -0.23000000
v 10.15000000 13.40000000 -0.23000000
v 10.15000000 13.45000000 -0.15000000
v 11.35000000 13.45000000 -0.15000000
v 11.35000000 13.45000000 -0.23000000
v 10.15000000 13.45000000 -0.23000000
f 2055 2056 2057
f 2055 2057 2058
f 2059 2061 2060
f 2059 2062 2061
f 2055 2059 2060
f 2055 2060 2056
f 2057 2061 2062
f 2057 2062 2058
f 2055 2058 2062
f 2055 2062 2059
f 2056 2060 2061
f 2056 2061 2057

o geometry_230
usemtl material_2
v 10.20000000 13.45000000 -0.18000000
v 11.30000000 13.45000000 -0.18000000
v 11.30000000 13.45000000 -0.20000000
v 10.20000000 13.45000000 -0.20000000
v 10.20000000 14.85000000 -0.18000000
v 11.30000000 14.85000000 -0.18000000
v 11.30000000 14.85000000 -0.20000000
v 10.20000000 14.85000000 -0.20000000
f 2063 2064 2065
f 2063 2065 2066
f 2067 2069 2068
f 2067 2070 2069
f 2063 2067 2068
f 2063 2068 2064
f 2065 2069 2070
f 2065 2070 2066
f 2063 2066 2070
f 2063 2070 2067
f 2064 2068 2069
f 2064 2069 2065

o tmpmb8l22lb.stl
usemtl material_5
v 12.00000000 12.60000038 -8.00000000
v 12.00000000 12.60000038 0.00000000
v 8.00000000 12.60000038 0.00000000
v 8.00000000 12.60000038 -8.00000000
v 12.00000000 15.60000038 0.00000000
v 12.00000000 15.60000038 -8.00000000
v 8.00000000 15.60000038 0.00000000
v 8.00000000 15.60000038 -8.00000000
v 10.14999962 14.89999962 0.00000000
v 11.06666565 14.89999962 0.00000000
v 9.06666565 13.39999962 0.00000000
v 8.64999962 13.39999962 0.00000000
v 8.64999962 14.89999962 0.00000000
v 9.85000038 13.98750114 0.00000000
v 10.14999962 14.21249962 0.00000000
v 9.85000038 14.89999962 0.00000000
v 9.85000038 13.39999962 0.00000000
v 11.35000038 14.89999962 0.00000000
v 11.35000038 13.39999962 0.00000000
v 10.14999962 13.39999962 0.00000000
v 9.85000038 13.39999962 -0.50000000
v 8.64999962 13.39999962 -0.50000000
v 9.85000038 14.89999962 -0.50000000
v 8.64999962 14.89999962 -0.50000000
v 11.35000038 13.39999962 -0.50000000
v 10.14999962 13.39999962 -0.50000000
v 11.35000038 14.89999962 -0.50000000
v 10.14999962 14.89999962 -0.50000000
f 2071 2072 2073
f 2074 2071 2073
f 2075 2076 2077
f 2076 2078 2077
f 2079 2080 2075
f 2073 2081 2082
f 2073 2082 2083
f 2079 2075 2077
f 2084 2085 2079
f 2086 2084 2079
f 2077 2073 2083
f 2086 2079 2077
f 2077 2083 2086
f 2085 2084 2087
f 2087 2081 2073
f 2075 2080 2088
f 2075 2088 2089
f 2087 2073 2072
f 2090 2085 2087
f 2072 2075 2089
f 2090 2087 2072
f 2072 2089 2090
f 2078 2076 2071
f 2074 2078 2071
f 2078 2074 2073
f 2077 2078 2073
f 2076 2075 2072
f 2071 2076 2072
f 2087 2091 2082
f 2087 2082 2081
f 2092 2082 2091
f 2083 2093 2086
f 2094 2093 2083
f 2094 2091 2093
f 2092 2091 2094
f 2082 2092 2094
f 2083 2082 2094
f 2093 2087 2084
f 2093 2084 2086
f 2087 2093 2091
f 2090 2089 2095
f 2096 2090 2095
f 2079 2097 2088
f 2079 2088 2080
f 2098 2097 2079
f 2098 2095 2097
f 2096 2095 2098
f 2090 2096 2098
f 2085 2090 2098
f 2085 2098 2079
f 2088 2097 2089
f 2089 2097 2095

o geometry_232
usemtl material_1
v 13.40000000 13.40000000 0.00000000
v 14.60000000 13.40000000 0.00000000
v 14.60000000 13.40000000 -0.25000000
v 13.40000000 13.40000000 -0.25000000
v 13.40000000 13.45000000 0.00000000
v 14.60000000 13.45000000 0.00000000
v 14.60000000 13.45000000 -0.25000000
v 13.40000000 13.45000000 -0.25000000
f 2099 2100 2101
f 2099 2101 2102
f 2103 2105 2104
f 2103 2106 2105
f 2099 2103 2104
f 2099 2104 2100
f 2101 2105 2106
f 2101 2106 2102
f 2099 2102 2106
f 2099 2106 2103
f 2100 2104 2105
f 2100 2105 2101

o geometry_233
usemtl material_1
v 13.40000000 14.85000000 0.00000000
v 14.60000000 14.85000000 0.00000000
v 14.60000000 14.85000000 -0.25000000
v 13.40000000 14.85000000 -0.25000000
v 13.40000000 14.90000000 0.00000000
v 14.60000000 14.90000000 0.00000000
v 14.60000000 14.90000000 -0.25000000
v 13.40000000 14.90000000 -0.25000000
f 2107 2108 2109
f 2107 2109 2110
f 2111 2113 2112
f 2111 2114 2113
f 2107 2111 2112
f 2107 2112 2108
f 2109 2113 2114
f 2109 2114 2110
f 2107 2110 2114
f 2107 2114 2111
f 2108 2112 2113
f 2108 2113 2109

o geometry_234
usemtl material_1
v 13.40000000 13.40000000 0.00000000
v 13.45000000 13.40000000 0.00000000
v 13.45000000 13.40000000 -0.25000000
v 13.40000000 13.40000000 -0.25000000
v 13.40000000 14.90000000 0.00000000
v 13.45000000 14.90000000 0.00000000
v 13.45000000 14.90000000 -0.25000000
v 13.40000000 14.90000000 -0.25000000
f 2115 2116 2117
f 2115 2117 2118
f 2119 2121 2120
f 2119 2122 2121
f 2115 2119 2120
f 2115 2120 2116
f 2117 2121 2122
f 2117 2122 2118
f 2115 2118 2122
f 2115 2122 2119
f 2116 2120 2121
f 2116 2121 2117

o geometry_235
usemtl material_1
v 14.55000000 13.40000000 0.00000000
v 14.60000000 13.40000000 0.00000000
v 14.60000000 13.40000000 -0.25000000
v 14.55000000 13.40000000 -0.25000000
v 14.55000000 14.90000000 0.00000000
v 14.60000000 14.90000000 0.00000000
v 14.60000000 14.90000000 -0.25000000
v 14.55000000 14.90000000 -0.25000000
f 2123 2124 2125
f 2123 2125 2126
f 2127 2129 2128
f 2127 2130 2129
f 2123 2127 2128
f 2123 2128 2124
f 2125 2129 2130
f 2125 2130 2126
f 2123 2126 2130
f 2123 2130 2127
f 2124 2128 2129
f 2124 2129 2125

o geometry_236
usemtl material_4
v 13.40000000 13.40000000 -0.15000000
v 13.45000000 13.40000000 -0.15000000
v 13.45000000 13.40000000 -0.23000000
v 13.40000000 13.40000000 -0.23000000
v 13.40000000 14.90000000 -0.15000000
v 13.45000000 14.90000000 -0.15000000
v 13.45000000 14.90000000 -0.23000000
v 13.40000000 14.90000000 -0.23000000
f 2131 2132 2133
f 2131 2133 2134
f 2135 2137 2136
f 2135 2138 2137
f 2131 2135 2136
f 2131 2136 2132
f 2133 2137 2138
f 2133 2138 2134
f 2131 2134 2138
f 2131 2138 2135
f 2132 2136 2137
f 2132 2137 2133

o geometry_237
usemtl material_4
v 14.55000000 13.40000000 -0.15000000
v 14.60000000 13.40000000 -0.15000000
v 14.60000000 13.40000000 -0.23000000
v 14.55000000 13.40000000 -0.23000000
v 14.55000000 14.90000000 -0.15000000
v 14.60000000 14.90000000 -0.15000000
v 14.60000000 14.90000000 -0.23000000
v 14.55000000 14.90000000 -0.23000000
f 2139 2140 2141
f 2139 2141 2142
f 2143 2145 2144
f 2143 2146 2145
f 2139 2143 2144
f 2139 2144 2140
f 2141 2145 2146
f 2141 2146 2142
f 2139 2142 2146
f 2139 2146 2143
f 2140 2144 2145
f 2140 2145 2141

o geometry_238
usemtl material_4
v 13.40000000 14.85000000 -0.15000000
v 14.60000000 14.85000000 -0.15000000
v 14.60000000 14.85000000 -0.23000000
v 13.40000000 14.85000000 -0.23000000
v 13.40000000 14.90000000 -0.15000000
v 14.60000000 14.90000000 -0.15000000
v 14.60000000 14.90000000 -0.23000000
v 13.40000000 14.90000000 -0.23000000
f 2147 2148 2149
f 2147 2149 2150
f 2151 2153 2152
f 2151 2154 2153
f 2147 2151 2152
f 2147 2152 2148
f 2149 2153 2154
f 2149 2154 2150
f 2147 2150 2154
f 2147 2154 2151
f 2148 2152 2153
f 2148 2153 2149

o geometry_239
usemtl material_4
v 13.40000000 13.40000000 -0.15000000
v 14.60000000 13.40000000 -0.15000000
v 14.60000000 13.40000000 -0.23000000
v 13.40000000 13.40000000 -0.23000000
v 13.40000000 13.45000000 -0.15000000
v 14.60000000 13.45000000 -0.15000000
v 14.60000000 13.45000000 -0.23000000
v 13.40000000 13.45000000 -0.23000000
f 2155 2156 2157
f 2155 2157 2158
f 2159 2161 2160
f 2159 2162 2161
f 2155 2159 2160
f 2155 2160 2156
f 2157 2161 2162
f 2157 2162 2158
f 2155 2158 2162
f 2155 2162 2159
f 2156 2160 2161
f 2156 2161 2157

o geometry_240
usemtl material_2
v 13.45000000 13.45000000 -0.18000000
v 14.55000000 13.45000000 -0.18000000
v 14.55000000 13.45000000 -0.20000000
v 13.45000000 13.45000000 -0.20000000
v 13.45000000 14.85000000 -0.18000000
v 14.55000000 14.85000000 -0.18000000
v 14.55000000 14.85000000 -0.20000000
v 13.45000000 14.85000000 -0.20000000
f 2163 2164 2165
f 2163 2165 2166
f 2167 2169 2168
f 2167 2170 2169
f 2163 2167 2168
f 2163 2168 2164
f 2165 2169 2170
f 2165 2170 2166
f 2163 2166 2170
f 2163 2170 2167
f 2164 2168 2169
f 2164 2169 2165

o tmp75dhyjr3.stl
usemtl material_5
v 16.00000000 12.60000038 -8.00000000
v 16.00000000 12.60000038 0.00000000
v 12.00000000 12.60000038 0.00000000
v 12.00000000 12.60000038 -8.00000000
v 16.00000000 15.60000038 0.00000000
v 16.00000000 15.60000038 -8.00000000
v 12.00000000 15.60000038 0.00000000
v 12.00000000 15.60000038 -8.00000000
v 13.39999962 13.64999962 0.00000000
v 13.39999962 14.89999962 0.00000000
v 14.60000038 14.89999962 0.00000000
v 14.60000038 14.55000114 0.00000000
v 13.39999962 13.39999962 0.00000000
v 14.60000038 13.39999962 0.00000000
v 14.60000038 13.39999962 -0.50000000
v 13.39999962 13.39999962 -0.50000000
v 14.60000038 14.89999962 -0.50000000
v 13.39999962 14.89999962 -0.50000000
f 2171 2172 2173
f 2174 2171 2173
f 2175 2176 2177
f 2176 2178 2177
f 2177 2173 2179
f 2177 2179 2180
f 2181 2182 2175
f 2177 2180 2181
f 2175 2177 2181
f 2183 2179 2173
f 2172 2175 2182
f 2184 2183 2173
f 2172 2182 2184
f 2173 2172 2184
f 2178 2176 2171
f 2174 2178 2171
f 2178 2174 2173
f 2177 2178 2173
f 2176 2175 2172
f 2171 2176 2172
f 2183 2184 2185
f 2186 2183 2185
f 2180 2187 2181
f 2188 2187 2180
f 2188 2185 2187
f 2186 2185 2188
f 2183 2186 2188
f 2179 2183 2188
f 2179 2188 2180
f 2187 2184 2182
f 2187 2182 2181
f 2184 2187 2185

o geometry_242
usemtl material_6
v 12.40000000 12.80000000 0.80000000
v 15.60000000 12.80000000 0.80000000
v 15.60000000 12.80000000 0.00000000
v 12.40000000 12.80000000 0.00000000
v 12.40000000 12.90000000 0.80000000
v 15.60000000 12.90000000 0.80000000
v 15.60000000 12.90000000 0.00000000
v 12.40000000 12.90000000 0.00000000
f 2189 2190 2191
f 2189 2191 2192
f 2193 2195 2194
f 2193 2196 2195
f 2189 2193 2194
f 2189 2194 2190
f 2191 2195 2196
f 2191 2196 2192
f 2189 2192 2196
f 2189 2196 2193
f 2190 2194 2195
f 2190 2195 2191

o geometry_243
usemtl material_7
v 12.40000000 12.90000000 0.80000000
v 15.60000000 12.90000000 0.80000000
v 15.60000000 12.90000000 0.75000000
v 12.40000000 12.90000000 0.75000000
v 12.40000000 13.90000000 0.80000000
v 15.60000000 13.90000000 0.80000000
v 15.60000000 13.90000000 0.75000000
v 12.40000000 13.90000000 0.75000000
f 2197 2198 2199
f 2197 2199 2200
f 2201 2203 2202
f 2201 2204 2203
f 2197 2201 2202
f 2197 2202 2198
f 2199 2203 2204
f 2199 2204 2200
f 2197 2200 2204
f 2197 2204 2201
f 2198 2202 2203
f 2198 2203 2199

o geometry_244
usemtl material_7
v 12.40000000 12.90000000 0.80000000
v 12.45000000 12.90000000 0.80000000
v 12.45000000 12.90000000 0.00000000
v 12.40000000 12.90000000 0.00000000
v 12.40000000 13.90000000 0.80000000
v 12.45000000 13.90000000 0.80000000
v 12.45000000 13.90000000 0.00000000
v 12.40000000 13.90000000 0.00000000
f 2205 2206 2207
f 2205 2207 2208
f 2209 2211 2210
f 2209 2212 2211
f 2205 2209 2210
f 2205 2210 2206
f 2207 2211 2212
f 2207 2212 2208
f 2205 2208 2212
f 2205 2212 2209
f 2206 2210 2211
f 2206 2211 2207

o geometry_245
usemtl material_7
v 15.55000000 12.90000000 0.80000000
v 15.60000000 12.90000000 0.80000000
v 15.60000000 12.90000000 0.00000000
v 15.55000000 12.90000000 0.00000000
v 15.55000000 13.90000000 0.80000000
v 15.60000000 13.90000000 0.80000000
v 15.60000000 13.90000000 0.00000000
v 15.55000000 13.90000000 0.00000000
f 2213 2214 2215
f 2213 2215 2216
f 2217 2219 2218
f 2217 2220 2219
f 2213 2217 2218
f 2213 2218 2214
f 2215 2219 2220
f 2215 2220 2216
f 2213 2216 2220
f 2213 2220 2217
f 2214 2218 2219
f 2214 2219 2215

o geometry_246
usemtl material_8
v 0.00000000 15.60000000 0.00000000
v 16.00000000 15.60000000 0.00000000
v 16.00000000 15.60000000 -8.00000000
v 0.00000000 15.60000000 -8.00000000
v 0.00000000 15.90000000 0.00000000
v 16.00000000 15.90000000 0.00000000
v 16.00000000 15.90000000 -8.00000000
v 0.00000000 15.90000000 -8.00000000
f 2221 2222 2223
f 2221 2223 2224
f 2225 2227 2226
f 2225 2228 2227
f 2221 2225 2226
f 2221 2226 2222
f 2223 2227 2228
f 2223 2228 2224
f 2221 2224 2228
f 2221 2228 2225
f 2222 2226 2227
f 2222 2227 2223

o geometry_247
usemtl material_8
v -0.20000000 15.90000000 0.20000000
v 16.20000000 15.90000000 0.20000000
v 16.20000000 15.90000000 0.00000000
v -0.20000000 15.90000000 0.00000000
v -0.20000000 16.30000000 0.20000000
v 16.20000000 16.30000000 0.20000000
v 16.20000000 16.30000000 0.00000000
v -0.20000000 16.30000000 0.00000000
f 2229 2230 2231
f 2229 2231 2232
f 2233 2235 2234
f 2233 2236 2235
f 2229 2233 2234
f 2229 2234 2230
f 2231 2235 2236
f 2231 2236 2232
f 2229 2232 2236
f 2229 2236 2233
f 2230 2234 2235
f 2230 2235 2231

